whiskyId,name,description,whiskyImg,whiskyLink,distillery,countryRegion,type,age,abv,bottler
6,Lagavulin   16 Years,"The classic Lagavulin is kilned with a high smoke content in the malt. The stills are pear-shaped, so that all flavors can be passed on to the condensers during distillation. The Single Malt then matures in Bourbon and Sherry casks to completion.The classic Lagavulin is kilned with a high smoke content in the malt. The stills are pear-shaped, so that all flavors can be passed on to the condensers during distillation. The Single Malt then matures in Bourbon and Sherry casks to completion.",https://www.whisky.com/fileadmin/_processed_/d/9/csm_0_c4c456_lagav1600_aw_7a3c1490b0.jpg,https://www.whisky.com/whisky-database/details/lagavulin.html,Lagavulin,"Scotland,Islay",Single Malt Whisky,16 Years,43%,Original bottling
23,Dalwhinnie   15 Years,"This bottling of Dalwhinnie is one of the most sold Classic Malts of Scotland. The aroma of the Single Malts shows nuances of heather and peat smoke. The subtle, fruity-sweet taste goes over to an elegant and long finish.This bottling of Dalwhinnie is one of the most sold Classic Malts of Scotland. The aroma of the Single Malts shows nuances of heather and peat smoke. The subtle, fruity-sweet taste goes over to an elegant and long finish.",https://www.whisky.com/fileadmin/_processed_/2/7/csm_0_b8a7b4_dalwh1500_aw_b47bc85a0f.jpg,https://www.whisky.com/whisky-database/details/dalwhinnie.html,Dalwhinnie,"Scotland,Highlands",Single Malt Whisky,15 Years,43%,Original bottling
64,Four Roses       Yellow label,"A very popular and affordable Kentucky Straight Bourbon Whiskey. Legend has it that Four Roses got its name from the founder, Paul Jones, who proposed to a Southern belle who accepted his proposal by wearing four roses on her dress at a ball.A very popular and affordable Kentucky Straight Bourbon Whiskey. Legend has it that Four Roses got its name from the founder, Paul Jones, who proposed to a Southern belle who accepted his proposal by wearing four roses on her dress at a ball.",https://www.whisky.com/fileadmin/web_data/tx_datamintsflaschendb/flaschen/x0_ebcc0a_four_roses_gr.jpg.pagespeed.ic.spVwFpG3Xv.jpg,https://www.whisky.com/whisky-database/details/four-roses.html,Four Roses,"USA,Kentucky",Kentucky Straight Bourbon,,40%,Original bottling
90,Glenmorangie   10 Years     The Original,The Glenmorangie 10 years old is the most popular Single Malt Whisky in Scotland itself. Only first-fill and second-fill ex-Bourbon casks are used for this Highland Malt.The Glenmorangie 10 years old is the most popular Single Malt Whisky in Scotland itself. Only first-fill and second-fill ex-Bourbon casks are used for this Highland Malt.,https://www.whisky.com/fileadmin/_processed_/a/b/csm_0_2e9427_gmora1000_aw_a60de5eb03.jpg,https://www.whisky.com/whisky-database/details/glenmorangie-the-original.html,Glenmorangie,"Scotland,Highlands",Single Malt Whisky,10 Years,40%,Original bottling
97,Highland Park   12 Years,,https://www.whisky.com/fileadmin/_processed_/3/9/csm_0_e0f279_highl1200_aw_0817f66b47.jpg,https://www.whisky.com/whisky-database/details/highland-park.html,Highland Park,"Scotland,Islands",Single Malt Whisky,12 Years,40%,Original bottling
110,Laphroaig   10 Years,This famous Malt has an extremely smoky flavor with a hint of seaweed and other marine flavours. It is one of the most intense Islay malts. You hate it or you love it.This famous Malt has an extremely smoky flavor with a hint of seaweed and other marine flavours. It is one of the most intense Islay malts. You hate it or you love it.,https://www.whisky.com/fileadmin/_processed_/a/b/csm_0_de2d76_laphr1040_aw_a7215eefb1.jpg,https://www.whisky.com/whisky-database/details/laphroaig-1.html,Laphroaig,"Scotland,Islay",Single Malt Whisky,10 Years,40%,Original bottling
172,Lagavulin     - 1991,"This is the Distillers Edition of Lagavulin. It has been finished in Spanish Pedro Ximenez Sherry casks, which adds a lot of sweetness and depth to the classic Lagavulin flavours, making it the favourite Whisky of many a malthead.This is the Distillers Edition of Lagavulin. It has been finished in Spanish Pedro Ximenez Sherry casks, which adds a lot of sweetness and depth to the classic Lagavulin flavours, making it the favourite Whisky of many a malthead.",https://www.whisky.com/fileadmin/_processed_/e/f/csm_0_cc76d2_lagavde91a_w_a83ae320b4.jpg,https://www.whisky.com/whisky-database/details/lagavulin-distillers-edition-1.html,Lagavulin,"Scotland,Islay",Single Malt Whisky,,43%,Original bottling
248,Ardbeg   10 Years     TEN,"Ardbeg TEN stands for a very intense, peated Whisky that you can enjoy regularly. Its taste is full and intense like the Isle of Islay itself. While tasting you always have this smoky note lingering over everything. A very nice non chill filtered whisky indeed.Ardbeg TEN stands for a very intense, peated Whisky that you can enjoy regularly. Its taste is full and intense like the Isle of Islay itself. While tasting you always have this smoky note lingering over everything. A very nice non chill filtered whisky indeed.",https://www.whisky.com/fileadmin/_processed_/0/7/csm_0_b65784_ardbe1000_aw_7969bb0422.jpg,https://www.whisky.com/whisky-database/details/ardbeg-ten.html,Ardbeg,"Scotland,Islay",Single Malt Whisky,10 Years,46%,Original bottling
277,Glenfarclas     - 1994   Family Reserve,,https://www.whisky.com/fileadmin/_processed_/8/2/xcsm_0_3bbcef_gfarc9400_2_d8f79e5b3f.jpg.pagespeed.ic.HUn5L53IHi.jpg,https://www.whisky.com/whisky-database/details/glenfarclas-family-reserve-4.html,Glenfarclas,"Scotland,Speyside",Single Malt Whisky,,46%,Original bottling
333,Glenfarclas     - 1995   Family Reserve,,https://www.whisky.com/fileadmin/_processed_/b/7/csm_0_66d34f_gfarc9500_2_e18b9481fb.jpg,https://www.whisky.com/whisky-database/details/glenfarclas-family-reserve-5.html,Glenfarclas,"Scotland,Speyside",Single Malt Whisky,,46%,Original bottling
432,Aberfeldy   12 Years,,https://www.whisky.com/fileadmin/_processed_/2/2/csm_aberf12ne_aw_0466fcdeb7.jpg,https://www.whisky.com/whisky-database/details/aberfeldy-4.html,Aberfeldy,"Scotland,Highlands",Single Malt Whisky,12 Years,40%,Original bottling
464,Ardbeg       Uigeadail,This was the first bottling of the newly opened Ardbeg distillery under the new banner. It was bottled from 90% ex-bourbon casks and 10% ex-sherry casks. The Ardbeg Uigeadail is fruitier and smoother than the normal Ardbeg TEN.This was the first bottling of the newly opened Ardbeg distillery under the new banner. It was bottled from 90% ex-bourbon casks and 10% ex-sherry casks. The Ardbeg Uigeadail is fruitier and smoother than the normal Ardbeg TEN.,https://www.whisky.com/fileadmin/_processed_/9/3/csm_0_72b588_ardbeuige_aw_023dfd398f.jpg,https://www.whisky.com/whisky-database/details/ardbeg-uigeadail.html,Ardbeg,"Scotland,Islay",Single Malt Whisky,,54.20%,Original bottling
566,Balvenie   12 Years     Double Wood,This Balvenie was matured in old sherry and bourbon casks. It makes this scotch interesting but also mild. The orange flavour and a deep sweetness make it a true gem among malt whiskies.This Balvenie was matured in old sherry and bourbon casks. It makes this scotch interesting but also mild. The orange flavour and a deep sweetness make it a true gem among malt whiskies.,https://www.whisky.com/fileadmin/_processed_/1/2/csm_0_4e6ca6_balve1200_aw_10b171a0a0.jpg,https://www.whisky.com/whisky-database/details/balvenie-double-wood.html,The Balvenie,"Scotland,Speyside",Single Malt Whisky,12 Years,40%,Original bottling
641,Bowmore   12 Years     (new cardboard box),"Bowmore is the oldest distillery on Islay. This is their flagship, the 12-year-old in the new cardboard box. Bowmore is the oldest distillery on Islay. This is their flagship, the 12-year-old in the new cardboard box.",https://www.whisky.com/fileadmin/_processed_/4/1/csm_0_d29a71_bowmo1200_bw_61e9d80aa9.jpg,https://www.whisky.com/whisky-database/details/bowmore-1.html,Bowmore,"Scotland,Islay",Single Malt Whisky,12 Years,40%,Original bottling
775,Bulleit,"Four Roses created this medium-heavy Bourbon. The nose experiences oaky notes. A spicy and aromatic body follows with flavours of fruit, light smoke, apple and orange. Four Roses created this medium-heavy Bourbon. The nose experiences oaky notes. A spicy and aromatic body follows with flavours of fruit, light smoke, apple and orange.",https://www.whisky.com/fileadmin/_processed_/2/f/csm_0_03410a_bulleit80_aw_20cbc59736.jpg,https://www.whisky.com/whisky-database/details/bulleit-1.html,Four Roses,"USA,Kentucky",Bourbon,,40%,Original bottling
796,Bushmills   16 Years     Three Woods,"This Whiskey gets its byname because it contains Whiskeys from ex-Bourbon, ex-Sherry and ex-Port casks. It was awarded Gold at the 2010 San Francisco World Spirits Competition.This Whiskey gets its byname because it contains Whiskeys from ex-Bourbon, ex-Sherry and ex-Port casks. It was awarded Gold at the 2010 San Francisco World Spirits Competition.",https://www.whisky.com/fileadmin/_processed_/b/1/csm_0_3d8cfd_bushm1600_w_7f561743fb.jpg,https://www.whisky.com/whisky-database/details/bushmills-three-woods.html,Bushmills,Ireland,Single Malt Whisky,16 Years,40%,Original bottling
797,Bushmills   16 Years     Three Woods mit Gläsern in Holzkiste,,https://www.whisky.com/fileadmin/_processed_/0/a/csm_0_e27e5d_bushm16gl_w_5501ef6d3b.jpg,https://www.whisky.com/whisky-database/details/bushmills-three-woods-mit-2-glaesern-in-holzkiste.html,Bushmills,Ireland,Single Malt Whisky,16 Years,40%,Original bottling
902,Dewars   12 Years     Special Reserve,,https://www.whisky.com/fileadmin/_processed_/1/c/xcsm_0_2d38c3_dewar1200_w_927b534b21.jpg.pagespeed.ic.u82Pggg9xH.jpg,https://www.whisky.com/whisky-database/details/dewars-special-reserve.html,Blend-Scotch,Scotland,,12 Years,40%,Original bottling
904,Dewars       Signature,,https://www.whisky.com/fileadmin/_processed_/a/7/csm_0_a46763_dewarsign_aw_5d21402632.jpg,https://www.whisky.com/whisky-database/details/dewars-signature.html,Blend-Scotch,Scotland,Blended Whisky,,43%,Original bottling
1277,Michter's   16 Years     A. H. Hirsch Reserve,,https://www.whisky.com/fileadmin/_processed_/6/2/csm_A.H.Hirsch_16j._Reserve_3f26726d15.jpg,https://www.whisky.com/whisky-database/details/a-h-hirsch-reserve.html,Michter's,"USA,Kentucky",Bourbon,16 Years,45.80%,Original bottling
1693,Suntory   12 Years     Hakushu,,https://www.whisky.com/fileadmin/_processed_/a/d/csm_0_a04117_suntoha12b_w_70396f1544.jpg,https://www.whisky.com/whisky-database/details/suntory-hakushu.html,Hakushu,Japan,Single Malt Whisky,12 Years,43%,Original bottling
1694,Suntory   12 Years     Hibiki,,https://www.whisky.com/fileadmin/_processed_/a/5/csm_0_c7ef63_suntohi12_w_0869335110.jpg,https://www.whisky.com/whisky-database/details/suntory-hibiki.html,Blend-Japan,Japan,Blended Whisky,12 Years,43%,Original bottling
1698,Suntory   12 Years     Yamazaki,"This Single Malt Whisky matured in three different types of oak casks: American, Spanish and Japanese oak. The Vale of Yamazaki was the birthplace of Japanese Whisky in 1923.This Single Malt Whisky matured in three different types of oak casks: American, Spanish and Japanese oak. The Vale of Yamazaki was the birthplace of Japanese Whisky in 1923.",https://www.whisky.com/fileadmin/_processed_/4/0/csm_0_b82d2f_suntoya12_w_4fe95f0dbf.jpg,https://www.whisky.com/whisky-database/details/suntory-yamazaki-3.html,Yamazaki,Japan,Single Malt Whisky,12 Years,43%,Original bottling
1699,Suntory   18 Years     Yamazaki,"This Single Malt Whisky matured in three different oak casks: American, Spanish and Japanese. This makes the Whisky from the Suntory owned distillery exceptional. The Valley of Yamazaki on the mountainside of Tennozan is located on the island Honshu and is the birthplace of Japanese Whisky,  since 1923.This Single Malt Whisky matured in three different oak casks: American, Spanish and Japanese. This makes the Whisky from the Suntory owned distillery exceptional. The Valley of Yamazaki on the mountainside of Tennozan is located on the island Honshu and is the birthplace of Japanese Whisky,  since 1923.",https://www.whisky.com/fileadmin/_processed_/c/4/csm_0_ec9d19_suntoya18_aw_99c8f3035f.jpg,https://www.whisky.com/whisky-database/details/suntory-yamazaki-1.html,Yamazaki,Japan,Single Malt Whisky,18 Years,43%,Original bottling
1820,Glenfiddich   12 Years,"With their 12-year-old standard bottling, Glenfiddich helped to establish the single malt whisky category worldwide. Today it is still the best-selling single malt whisky in the world.With their 12-year-old standard bottling, Glenfiddich helped to establish the single malt whisky category worldwide. Today it is still the best-selling single malt whisky in the world.",https://www.whisky.com/fileadmin/_processed_/e/7/csm_0_257823_gfidd1207_bw_532dbf6c10.jpg,https://www.whisky.com/whisky-database/details/glenfiddich.html,Glenfiddich,"Scotland,Speyside",Single Malt Whisky,12 Years,40%,Original bottling
1972,Nikka   3 Years     Black Special,,https://www.whisky.com/fileadmin/_processed_/d/8/xcsm_black_nikka_whisky_1440ml_b440258392.jpg.pagespeed.ic.kw87Qs9eEC.jpg,https://www.whisky.com/whisky-database/details/nikka-black-special.html,Miyagikyo (Nikka),Japan,,3 Years,42%,
1974,Tullamore D.E.W.   10 Years,,https://www.whisky.com/fileadmin/_processed_/a/1/csm_0_c5790e_DSC_2800_edd1665895.jpg,https://www.whisky.com/whisky-database/details/tullamore-dew.html,Midleton,Ireland,Single Malt Whisky,10 Years,40%,Original bottling
2200,Lagavulin   16 Years,"The Lagavulin 16 is an Islay classic with a high peat content. The stills of the distillery are pear-shaped, so all the flavours are kept in the malt. The Lagavulin 16 single malt is matured in bourbon and sherry casks. This is the 0.2 litre version.The Lagavulin 16 is an Islay classic with a high peat content. The stills of the distillery are pear-shaped, so all the flavours are kept in the malt. The Lagavulin 16 single malt is matured in bourbon and sherry casks. This is the 0.2 litre version.",https://www.whisky.com/fileadmin/_processed_/2/2/csm_0_3536cd_lagav1602_aw_98723530df.jpg,https://www.whisky.com/whisky-database/details/lagavulin-1.html,Lagavulin,"Scotland,Islay",Single Malt Whisky,16 Years,43%,Original bottling
2741,Aberfeldy   12 Years,"The Aberfeldy distillery was founded by the Dewar family in 1892. Even today most part of the production is used in the Dewar's Blend. Because of its pleasant aroma, the Aberfeldy is also available as original bottling.The Aberfeldy distillery was founded by the Dewar family in 1892. Even today most part of the production is used in the Dewar's Blend. Because of its pleasant aroma, the Aberfeldy is also available as original bottling.",https://www.whisky.com/fileadmin/_processed_/c/c/csm_0_7147f6_aberf121l_aw_f2055b5ec4.jpg,https://www.whisky.com/whisky-database/details/aberfeldy-5.html,Aberfeldy,"Scotland,Highlands",Single Malt Whisky,12 Years,40%,Original bottling
3886,Dewars       White label,,https://www.whisky.com/fileadmin/_processed_/0/4/csm_0_d07fd8_dewar0000_bw_91e496de20.jpg,https://www.whisky.com/whisky-database/details/dewars-white-label-1.html,Blend-Scotch,Scotland,Blended Whisky,,40%,Original bottling
4074,Dalmore       Dee Dram,,https://www.whisky.com/fileadmin/_processed_/8/3/csm_deedram_401895cf7d.jpg,https://www.whisky.com/whisky-database/details/dalmore-dee-dram.html,Dalmore,"Scotland,Highlands",Single Malt Whisky,,40%,Original bottling
4120,Bulleit       Bourbon,"A special edition of Bulleit Bourbon. Packaged here in a Lewis bag, it has developed a loyal following in the UK. The high rye content (around 30%) gives this bourbon a spicy kick.A special edition of Bulleit Bourbon. Packaged here in a Lewis bag, it has developed a loyal following in the UK. The high rye content (around 30%) gives this bourbon a spicy kick.",https://www.whisky.com/fileadmin/_processed_/3/a/csm_0_e26949_bulle00bo_aw_3c8debe119.jpg,https://www.whisky.com/whisky-database/details/bulleit.html,Four Roses,"USA,Kentucky",Kentucky Straight Bourbon,,45%,Original bottling
4574,Dewars   18 Years,,https://www.whisky.com/fileadmin/_processed_/f/f/csm_0_e36f97_dewar1800_aw_211c370bbc.jpg,https://www.whisky.com/whisky-database/details/dewars-18-jahre.html,Blend-Scotch,Scotland,Blended Whisky,18 Years,40%,Original bottling
5541,High West       Double Rye,,https://www.whisky.com/fileadmin/_processed_/5/5/csm_0_a26242_High_West_Double_Rye_Whiskey_1893df6a6a.jpg,https://www.whisky.com/whisky-database/details/high-west-double-rye.html,High West,USA,Rye,,46%,Original bottling
5582,Grant's       The Family Reserve,,https://www.whisky.com/fileadmin/_processed_/5/d/csm_0_50f4fa_2l_936e9b789f.jpg,https://www.whisky.com/whisky-database/details/grants-the-family-reserve.html,Blend-Scotch,Scotland,,,40%,Other bottler
5734,Lagavulin     - 1995,"This is the Distillers Edition of Lagavulin. It has been finished in Spanish Pedro Ximenez sherry casks, which adds a lot of sweetness and depth to the classic Lagavulin flavours, making it the favourite whisky of many a malthead. This is the Distillers Edition of Lagavulin. It has been finished in Spanish Pedro Ximenez sherry casks, which adds a lot of sweetness and depth to the classic Lagavulin flavours, making it the favourite whisky of many a malthead.",https://www.whisky.com/fileadmin/_processed_/2/9/xcsm_0_8c8120_lagavulin_distillers_edition_1995_2013_dacd0a1d26.jpg.pagespeed.ic.EJSLHyOmK1.jpg,https://www.whisky.com/whisky-database/details/lagavulin-distillers-edition.html,Lagavulin,"Scotland,Islay",Single Malt Whisky,,43%,Original bottling
5929,Bulleit       95 Rye,This Rye of Bulleit has an unusually high rye content of 95% and was minimum of four years in American oak barrels. This Rye of Bulleit has an unusually high rye content of 95% and was minimum of four years in American oak barrels.,https://www.whisky.com/fileadmin/_processed_/2/f/csm_Bulleit_Rye_Small_Batch_eef69e9a3e.jpg,https://www.whisky.com/whisky-database/details/bulleit-95-rye-whiskey.html,Four Roses,"USA,Kentucky",Straight Rye,,45%,Original bottling
6145,Grant's       The Family Reserve,,https://www.whisky.com/typo3temp/assets/_processed_/b/0/xcsm_noImageDummy-wide_5fd0bea557.png.pagespeed.ic.FfbeCZH6wV.png,https://www.whisky.com/whisky-database/details/the-family-reserve.html,Glenfiddich,"Scotland,Speyside",,,43%,Other bottler
6260,Michter‘s       Single Barrel Straight Rye,,https://www.whisky.com/fileadmin/_processed_/b/5/csm_2015-10-19_20.02.26_c4b6354dab.jpg,https://www.whisky.com/whisky-database/details/michters-single-barrel-straight-rye-whiskey.html,Michter's,"USA,Kentucky",Kentucky Straight Rye,9K-5,42.40%,Original bottling
6263,Michter's   10 Years,,https://www.whisky.com/fileadmin/web_data/tx_datamintsflaschendb/flaschen/xMichter-s-10-Year-Kentucky-Straight-Bourbon-47-0.70-114534-3.jpg.pagespeed.ic.zB9T-z4mE0.jpg,https://www.whisky.com/whisky-database/details/michters-single-barrel-bourbon.html,Michter's,"USA,Kentucky",Bourbon,10 Years\n				\n					9C-1,47.20%,Original bottling
6581,Lagavulin     - 1997   / 2013 Distillers Edition,"This is the Distillers Edition of Lagavulin. It has been finished in Spanish Pedro Ximenez sherry casks, which adds a lot of sweetness and depth to the classic Lagavulin flavours, making it the favourite whisky of many a malthead. This is the Distillers Edition of Lagavulin. It has been finished in Spanish Pedro Ximenez sherry casks, which adds a lot of sweetness and depth to the classic Lagavulin flavours, making it the favourite whisky of many a malthead.",https://www.whisky.com/fileadmin/_processed_/a/1/xcsm_0_5b6988_Lagavulin_1997_4_502_e8f164b734.jpg.pagespeed.ic.5wi9GAxgnn.jpg,https://www.whisky.com/whisky-database/details/lagavulin-distillers-edition-20.html,Lagavulin,"Scotland,Islay",Single Malt Whisky,lgv 4/502,43%,Original bottling
6824,Teeling       Rum Cask,,https://www.whisky.com/fileadmin/_processed_/5/a/csm_Teeling-Small-Batch-Irish-Whiskey_ab2f8ef61a.jpg,https://www.whisky.com/whisky-database/details/teeling-whiskey-small-batch-1.html,Teeling,Ireland,,,46%,Original bottling
7116,Grant's   3 Years     The Family Reserve,,"https://www.whisky.com/fileadmin/web_data/tx_datamintsflaschendb/flaschen/xGrants,P20Family,P20Reserve.jpg.pagespeed.ic.a8fYZORRmz.jpg",https://www.whisky.com/whisky-database/details/grants-the-family-reserve-1.html,Blend-Scotch,Scotland,,3 Years,40%,Original bottling
7238,Dewars   12 Years     Double Aged,,https://www.whisky.com/fileadmin/_processed_/7/3/csm_0_253504_dewar1200_aw_330f064b45.jpg,https://www.whisky.com/whisky-database/details/dewars-double-aged.html,Blend-Scotch,Scotland,Blended Whisky,12 Years,40%,Original bottling
8034,Compass Box       The Peat Monster - Tenth Anniversary Limited Release,,https://www.whisky.com/fileadmin/_processed_/3/8/csm_0_17f09a_2014-03-31_23.53_a2219d86be.jpg,https://www.whisky.com/whisky-database/details/the-peat-monster-tenth-anniversary-limited-release.html,Blend-Scotch,Scotland,Blended Malt Whisky,,48.90%,Compass Box
8061,Glen Els   5 Years   - 2008   Woodsmoked Rivesaltes,,https://www.whisky.com/fileadmin/_processed_/b/0/csm_2016-01-05_Glen_Els_5J_Rivesaltes_Cask_126_1b7a7cd887.jpg,https://www.whisky.com/whisky-database/details/the-glen-els-woodsmoked-rivesaltes-2008.html,Hammerschmiede (Elsburn/Glen Els),Germany,Single Malt Whisky,5 Years\n				\n					76,46.60%,Original bottling
8082,Glen Els   5 Years   - 2008   Woodsmoked Cream Sherry,,https://www.whisky.com/fileadmin/_processed_/8/4/xcsm_0_68ece9_The_Glen_Els_Woodsmoked_Cream_Sherry_5J_2008-2009_8a09b9ae59.jpg.pagespeed.ic.RTh7vO3Igm.jpg,https://www.whisky.com/whisky-database/details/the-glen-els-woodsmoked-cream-sherry.html,Hammerschmiede (Elsburn/Glen Els),Germany,Single Malt Whisky,5 Years\n				\n					135,48.20%,Original bottling
8226,Rowan´s Creek,,https://www.whisky.com/fileadmin/_processed_/1/0/csm_0_c31e6a_IMG_3865_5cb6ac8f0a.jpg,https://www.whisky.com/whisky-database/details/rowans-creek.html,Willett,"USA,Kentucky",Kentucky Straight Bourbon,,50%,Original bottling
8404,Glen Els       Ember woodsmoked,,https://www.whisky.com/fileadmin/_processed_/f/d/xcsm_image_72_9c668069ba.jpg.pagespeed.ic.wnKH7V_K9e.jpg,https://www.whisky.com/whisky-database/details/the-glen-els-ember-woodsmoked.html,Hammerschmiede (Elsburn/Glen Els),Germany,Single Malt Whisky,,45.90%,Original bottling
8436,Dalmore   30 Years     Ceti Edition 1,,https://www.whisky.com/fileadmin/_processed_/7/5/xcsm_dalmoreceti30rocna_01_ad979d168b.jpg.pagespeed.ic.37r63WEfMe.jpg,https://www.whisky.com/whisky-database/details/the-dalmore-ceti-edition-1.html,Dalmore,"Scotland,Highlands",Single Malt Whisky,30 Years,45%,Original bottling
8459,Nikka       Coffey Grain,,https://www.whisky.com/fileadmin/_processed_/3/f/csm_0_b311c9_nikkacogr_aw_c34dcf6f06.jpg,https://www.whisky.com/whisky-database/details/nikka-coffey-grain.html,Miyagikyo (Nikka),Japan,Grain Whisky,,45%,Original bottling
8460,Nikka       Coffey Malt,,https://www.whisky.com/fileadmin/_processed_/6/8/csm_0_f1921d_nikkacoma_aw_47461c3f1e.jpg,https://www.whisky.com/whisky-database/details/nikka-coffey-malt.html,Miyagikyo (Nikka),Japan,Whisky,,45%,Original bottling
8801,Glen Els   5 Years   - 2008   Woodsmoked Madeira,,https://www.whisky.com/fileadmin/_processed_/0/3/xcsm_20151007_004327-1200x1600_17152c6a4a.jpg.pagespeed.ic.nMUGLJ0mvV.jpg,https://www.whisky.com/whisky-database/details/the-glen-els-woodsmoked-madeira.html,Hammerschmiede (Elsburn/Glen Els),Germany,Single Malt Whisky,5 Years\n				\n					129,46.70%,Original bottling
8859,Koval       Bourbon,,https://www.whisky.com/fileadmin/_processed_/4/c/csm_0_62dd0a_image_KOVAL00BO_1_ca248350f0.jpg,https://www.whisky.com/whisky-database/details/koval-bourbon.html,Koval,"USA,Illinois",Straight Bourbon,,47%,Original bottling
8860,Koval       Rye,"Koval was founded in 2008 in Chicago; their bottlings are certified in America as ""organic"" and kosher. The Cognacs mature in gallon barrels (113.55 liters) and are bottled in individual barrels.Koval was founded in 2008 in Chicago; their bottlings are certified in America as ""organic"" and kosher. The Cognacs mature in gallon barrels (113.55 liters) and are bottled in individual barrels.",https://www.whisky.com/fileadmin/_processed_/8/1/csm_0_afdd2a_image_KOVAL00RY_1_cc0239bdc8.jpg,https://www.whisky.com/whisky-database/details/koval-rye.html,Koval,"USA,Illinois",Straight Rye,,40%,Original bottling
9341,Michter‘s       Small Batch US*1 Kentucky Straight Bourbon,"Michter's Bourbon is produced in small batches. Within each charge, not more than 24 casks are used. \nMichter's Bourbon is produced in small batches. Within each charge, not more than 24 casks are used.",https://www.whisky.com/fileadmin/_processed_/1/9/csm_0_ab8b07_micht00bo_aw_aeee103ddf.jpg,https://www.whisky.com/whisky-database/details/michters.html,Michter's,"USA,Kentucky",Kentucky Straight Bourbon,,45.70%,Original bottling
9343,Koval       Millet,,https://www.whisky.com/fileadmin/_processed_/1/8/csm_Nur_ein_foto_4e1d0f7ed9.jpg,https://www.whisky.com/whisky-database/details/koval-millet.html,Koval,"USA,Illinois",Whiskey,,40%,Original bottling
9406,Michter‘s       Sour Mash,,https://www.whisky.com/fileadmin/_processed_/6/7/csm_0_7bb1ff_micht00so_aw_a6ee4ae614.jpg,https://www.whisky.com/whisky-database/details/michters-sour-mash.html,Michter's,"USA,Kentucky",Whiskey,,43%,Original bottling
9722,Lagavulin     - 1998   Double Matured,"This bottling of Lagavulin is part of the Distillers Edition of the Classic Malts of Scotland. In this series, the Whiskies are filled into various casks from the Iberian peninsula to finish for another six months after the regular maturation. The strong, dry and maritime character of Lagavulin is complemented with the rich and sweet aromas of a Pedro Ximenez cask.This bottling of Lagavulin is part of the Distillers Edition of the Classic Malts of Scotland. In this series, the Whiskies are filled into various casks from the Iberian peninsula to finish for another six months after the regular maturation. The strong, dry and maritime character of Lagavulin is complemented with the rich and sweet aromas of a Pedro Ximenez cask.",https://www.whisky.com/fileadmin/_processed_/8/f/csm_Lagavulin_1998_4_503_76110c3ad2.jpg,https://www.whisky.com/whisky-database/details/lagavulin-distillers-edition-21.html,Lagavulin,"Scotland,Islay",Single Malt Whisky,,43%,Original bottling
9907,Dewars       White label,,https://www.whisky.com/fileadmin/_processed_/b/7/csm_0_eb6da8_dewar0001_aw_a6e9ad482f.jpg,https://www.whisky.com/whisky-database/details/dewars-white-label-2.html,Blend-Scotch,Scotland,Blended Whisky,,40%,Original bottling
10779,Teeling       Single Malt,,https://www.whisky.com/fileadmin/_processed_/f/b/xcsm_0_0c8f81_teeli0000_aw_185f3cf960.jpg.pagespeed.ic.8maZvRPCuB.jpg,https://www.whisky.com/whisky-database/details/teeling-single-malt-1.html,Teeling,Ireland,Single Malt Whisky,,46%,Original bottling
10839,Michter‘s       American,,https://www.whisky.com/fileadmin/_processed_/2/6/csm_0_082222_micht00am_aw_0090238010.jpg,https://www.whisky.com/whisky-database/details/michters-american.html,Michter's,"USA,Kentucky",Whiskey,,41.70%,Original bottling
11246,Koval       Millet,,https://www.whisky.com/fileadmin/_processed_/9/a/csm_0_508981_minikovmi_aw_70d695fb63.jpg,https://www.whisky.com/whisky-database/details/koval.html,Koval,"USA,Illinois",other,,40%,Original bottling
11247,Koval       Rye,,https://www.whisky.com/fileadmin/_processed_/5/1/csm_0_2120a2_minikovry_aw_89ade6c502.jpg,https://www.whisky.com/whisky-database/details/koval-rye-1.html,Koval,"USA,Illinois",Rye,,40%,Original bottling
11599,Famous Grouse       The Famous Family,,https://www.whisky.com/fileadmin/_processed_/d/c/csm_0_067567_P1010394_4ecdf6cbad.jpg,https://www.whisky.com/whisky-database/details/famous-grouse-the-famous-family.html,Blend-Scotch,Scotland,,,40%,Other bottler
11616,Bulleit   4 Years     95 Rye Whiskey,,https://www.whisky.com/fileadmin/_processed_/f/9/csm_0_cf9350_bulleit-rye_0c845f011e.jpg,https://www.whisky.com/whisky-database/details/bulleit-95-rye-whiskey-1.html,Four Roses,"USA,Kentucky",Rye,4 Years,46%,Original bottling
11738,Glen Els       Künstlercollection II Malaga Cask Woodsmoked,,https://www.whisky.com/fileadmin/_processed_/3/2/xcsm_0_8fd3d2_Screenshot_2015-07-17-20-32-51-1_85c12982d4.png.pagespeed.ic.PA1_lbBNRr.jpg,https://www.whisky.com/whisky-database/details/glen-els-kuenstlercollection-ii-malaga-cask.html,Hammerschmiede (Elsburn/Glen Els),Germany,Single Malt Whisky,,45.90%,Original bottling
11819,Bushmills   21 Years   - 1994   Matured in Three Woods,,https://www.whisky.com/fileadmin/web_data/tx_datamintsflaschendb/flaschen/x0_4a4f4f_bushmills-three-woods.jpg.pagespeed.ic.oLfx-zc_DQ.jpg,https://www.whisky.com/whisky-database/details/bushmills-matured-in-three-woods.html,Bushmills,Ireland,Single Malt Whisky,21 Years\n				\n					18086/2015,40%,Original bottling
12019,Bulleit   10 Years,,https://www.whisky.com/fileadmin/_processed_/8/8/xcsm_Bulleit_1_be37b3e907.jpg.pagespeed.ic.sipy_k1ggY.jpg,https://www.whisky.com/whisky-database/details/bulleit-aged-10-years.html,Four Roses,"USA,Kentucky",Bourbon,10 Years,45.60%,Original bottling
12059,Glen Els       Künstlercollection IV | PX Sherry Cask Matured | gently woodsmoked,,https://www.whisky.com/fileadmin/web_data/tx_datamintsflaschendb/flaschen/x0_dd4896_GlenElsKuenstlerEditionRaw.jpg.pagespeed.ic.-XWEBqQR0W.jpg,https://www.whisky.com/whisky-database/details/glen-els-kuenstlercollection-iv-px-sherry-cask-matured-gently-woodsmoked.html,Hammerschmiede (Elsburn/Glen Els),Germany,Single Malt Whisky,secret,45.90%,Original bottling
12188,3 Years     Breckenridge Bourbon Whiskey,,https://www.whisky.com/fileadmin/_processed_/3/0/csm_0_c359e4_breckenridge_bourbon_1024x1024_aaae5b0f7b.jpg,https://www.whisky.com/whisky-database/details/noch-nicht-vorhanden-breckenridge-bourbon-whiskey.html,unknown,,Bourbon,3 Years,43%,Original bottling
12190,Suntory       The Chita,"These days, the launch of a new Japanese whisky is very good news for all lovers and people who haven't tasted it yet. Suntory just released a brand new single grain called The Chita, the name of the group's grain distillery.These days, the launch of a new Japanese whisky is very good news for all lovers and people who haven't tasted it yet. Suntory just released a brand new single grain called The Chita, the name of the group's grain distillery.",https://www.whisky.com/fileadmin/_processed_/c/c/csm_0_7cc136_sunto0chi_aw_7430f829a2.jpg,https://www.whisky.com/whisky-database/details/suntory-the-chita.html,Chita,Japan,Single Grain Whisky,,43%,Original bottling
12200,Dewars   18 Years     The Vintage,"HIGHLAND SINGLE MALT WHISKIES Aberfeldy | Macduff | Royal Brackla SPEYSIDE SINGLE MALT WHISKIES Craigellachie | Aultmore Blend from old & rare HIGHLAND, SPEYSIDE and LOWLAND Single Malts and GRAIN WHISKIES, each of which is at least 18YEARS OLD. Once combined they are allowed to ""marry"" together in OAK CASK for many months.HIGHLAND SINGLE MALT WHISKIES Aberfeldy | Macduff | Royal Brackla SPEYSIDE SINGLE MALT WHISKIES Craigellachie | Aultmore Blend from old & rare HIGHLAND, SPEYSIDE and LOWLAND Single Malts and GRAIN WHISKIES, each of which is at least 18YEARS OLD. Once combined they are allowed to ""marry"" together in OAK CASK for many months.",https://www.whisky.com/fileadmin/_processed_/7/7/csm_0_dd6f9a_dewar1801_aw_81bec02223.jpg,https://www.whisky.com/whisky-database/details/dewars-the-vintage.html,Blend-Scotch,Scotland,Blended Whisky,18 Years,40%,Original bottling
12260,Michter's       Small Batch Bourbon US*1,,https://www.whisky.com/fileadmin/_processed_/f/b/csm_0_65213f_IMG_20151008_193220_bfaa7c3d40.jpg,https://www.whisky.com/whisky-database/details/michters-small-batch-bourbon-us1.html,Michter's,"USA,Kentucky",Bourbon,L14B89,45.70%,Original bottling
12262,Michter's       Small Batch unblended Amerikan Whiskey US*1,,https://www.whisky.com/fileadmin/_processed_/1/9/csm_0_b5a18c_IMG_20151008_193322_5c6c143821.jpg,https://www.whisky.com/whisky-database/details/michters-small-batch-unblended-amerikan-whiskey-us1.html,Michter's,"USA,Kentucky",other,L14B98,41.70%,Original bottling
12311,Koval       Four Grain,,https://www.whisky.com/fileadmin/_processed_/7/5/csm_0_54b02b_koval00fg_aw_1fe3173fa4.jpg,https://www.whisky.com/whisky-database/details/koval-four-grain.html,Koval,"USA,Illinois",Whiskey,,47%,Original bottling
12936,"Glen Els   5 Years     Casino 2015, Edition NOIR, gently woodsmoked",,https://www.whisky.com/fileadmin/_processed_/7/3/csm_0_4af54b_77_Glen_Els_woodsmoked__Casino_Edition__NOIR__one_of_1000_ef94a54d4f.jpg,https://www.whisky.com/whisky-database/details/glen-els-casino-2015-edition-noir-gently-woodsmoked.html,Hammerschmiede (Elsburn/Glen Els),Germany,Single Malt Whisky,5 Years,45.90%,Original bottling
12937,"Glen Els   5 Years   - 2010   MALAGA Quarter Cask Release, woodsmoked, exclusive for WiW",,https://www.whisky.com/fileadmin/_processed_/c/c/csm_0_7de593_76_Glen_Els_woodsmoked_Malaga__5y__excl.bttld4_WiW_4203e37dfb.jpg,https://www.whisky.com/whisky-database/details/glen-els-malaga-quarter-cask-release-woodsmoked-exclusive-for-wiw.html,Hammerschmiede (Elsburn/Glen Els),Germany,Single Malt Whisky,5 Years,51.30%,Original bottling
13657,Glenglassaugh     - 1973   The Family Silver,,https://www.whisky.com/fileadmin/_processed_/a/0/csm_0_f7ecd0_1_33813_38416_2dc8716954.jpg,https://www.whisky.com/whisky-database/details/glenglassaugh-the-family-silver-1.html,Glenglassaugh,"Scotland,Highlands",Single Malt Whisky,,40%,Original bottling
14205,Dewars   12 Years,,https://www.whisky.com/fileadmin/_processed_/8/1/xcsm_0_211249_dewar1200_bw_963a32977f.jpg.pagespeed.ic.W5CVGAJ_s5.jpg,https://www.whisky.com/whisky-database/details/dewars-2.html,Blend-Scotch,Scotland,Blended Malt Whisky,12 Years,40%,Original bottling
14377,Lagavulin   8 Years     200th Anniversary Limited Edition,The age of 8 years recalls an important milestone in the history of distillery. Around 1880 the famous whisky journalist Alfred Barnard tasted an 8-year-old Lagavulin during his visit.The age of 8 years recalls an important milestone in the history of distillery. Around 1880 the famous whisky journalist Alfred Barnard tasted an 8-year-old Lagavulin during his visit.,https://www.whisky.com/fileadmin/_processed_/e/f/csm_0_60f890_lagav0800_aw_763d81efd5.jpg,https://www.whisky.com/whisky-database/details/lagavulin-200th-anniversary-limited-edition.html,Lagavulin,"Scotland,Islay",Single Malt Whisky,8 Years,48%,Original bottling
14646,12 Years     Rowan's Creek,,https://www.whisky.com/fileadmin/_processed_/e/f/csm_0_c485a1_Rowan_s_Creek_ae17226e24.jpg,https://www.whisky.com/whisky-database/details/noch-nicht-vorhanden-rowans-creek.html,unknown,,Bourbon,12 Years,50%,Original bottling
15012,Teeling       Single Malt,,https://www.whisky.com/fileadmin/_processed_/7/7/xcsm_0_cb7e8f_teeli0002_aw_cd8f75be95.jpg.pagespeed.ic.wWzx2iT485.jpg,https://www.whisky.com/whisky-database/details/teeling-1.html,Teeling,Ireland,Single Malt Whisky,,46%,Original bottling
15102,Suntory       Hibiki Japanese Harmony Master's Select,The Harmony was filled for a limited edition for the Travel Retail. Yamazaki set the main focus on the note of sherry. The aroma differs significantly from one in the Harmony Bottling. The Harmony was filled for a limited edition for the Travel Retail. Yamazaki set the main focus on the note of sherry. The aroma differs significantly from one in the Harmony Bottling.,https://www.whisky.com/fileadmin/_processed_/5/7/xcsm_0_565672_hibiki-harmony_720x600_b9fe1e315b.jpg.pagespeed.ic.y6CBI_NNx3.jpg,https://www.whisky.com/whisky-database/details/suntory-hibiki-japanese-harmony-1.html,Chita,Japan,Blended Whisky,,43%,Original bottling
15164,Suntory       Toki,"Suntory Whisky Toki™ THE VIVID HARMONY WHERE OLD MEETS NEW Suntory Whisky Toki™ THE VIVID HARMONY WHERE OLD MEETS NEW\n\nSilky with a subtle sweet and spicy finish.\n\nTASTING NOTES:\nColor: clear gold\nNose: basil, green apple, honey \nPalate: grapefruit, green grapes, peppermint, thyme \nFinish: subtly sweet and spicy finish with a hint of vanilla oak, \nwhite pepper and ginger\n\nToki means ""time"" in Japanese. \n\nIt’s a concept rich in meaning the world over, \nbut particularly in Japan where respect for tradition and\nreinvention sparks a powerful creative energy.\nInspired by that interplay, Suntory Whisky Toki™ brings together \nold and new -the House of Suntory's proud heritage and \nits innovative spirit- to create blended Japanese whisky that is both groundbreaking and timeless. …Suntory Whisky Toki™ THE VIVID HARMONY WHERE OLD MEETS NEW Suntory Whisky Toki™ THE VIVID HARMONY WHERE OLD MEETS NEW\n\nSilky with a subtle sweet and spicy finish.\n\nTASTING NOTES:\nColor: clear gold\nNose: basil, green apple, honey \nPalate: grapefruit, green grapes, peppermint, thyme \nFinish: subtly sweet and spicy finish with a hint of vanilla oak, \nwhite pepper and ginger\n\nToki means ""time"" in Japanese. \n\nIt’s a concept rich in meaning the world over, \nbut particularly in Japan where respect for tradition and\nreinvention sparks a powerful creative energy.\nInspired by that interplay, Suntory Whisky Toki™ brings together \nold and new -the House of Suntory's proud heritage and \nits innovative spirit- to create blended Japanese whisky that is both groundbreaking and timeless. …",https://www.whisky.com/fileadmin/_processed_/5/2/xcsm_0_7104f4_Suntory_Whisky_Toki__e480465418.png.pagespeed.ic.94FRx_0753.png,https://www.whisky.com/whisky-database/details/suntory-toki.html,Blend-Japan,Japan,Blended Whisky,,43%,Original bottling
15201,Bulleit,,https://www.whisky.com/fileadmin/_processed_/a/6/csm_0_a4e02b_IMGP1757_Sm_441b9b905b.jpg,https://www.whisky.com/whisky-database/details/bulleit-3.html,Four Roses,"USA,Kentucky",Bourbon,,45%,Original bottling
15291,High West Yippee Ki-Yay,"Blend of two straight rye whiskeys: One is a two year old MGP whiskey that is 95% rye and 5% malted barley. The second is a whiskey (reportedly 16 years old) made at Barton: 53% rye and 37% corn (presumably the remaining 10% is barley). (This is the current composition of High West Double Rye.)\nThis whiskey is aged normally, then barrel finished in two different wine casks: an oak barrel that previously held Vya Vermouth and an oak barrel that previously held Qupé Syrah.Yippee Ki-Yay, indeed!\nBlend of two straight rye whiskeys: One is a two year old MGP whiskey that is 95% rye and 5% malted barley. The second is a whiskey (reportedly 16 years old) made at Barton: 53% rye and 37% corn (presumably the remaining 10% is barley). (This is the current composition of High West Double Rye.)\nThis whiskey is aged normally, then barrel finished in two different wine casks: an oak barrel that previously held Vya Vermouth and an oak barrel that previously held Qupé Syrah.Yippee Ki-Yay, indeed!",https://www.whisky.com/fileadmin/_processed_/2/4/xcsm_0_c38176_High-West-Yippee-Ki-Yay-525x750_15fa556718.jpg.pagespeed.ic.agzvg8HX11.jpg,https://www.whisky.com/whisky-database/details/high-west-yippee-ki-yay.html,Blend-USA,USA,,,46%,Other bottler
15447,Koval       White Rye,,https://www.whisky.com/fileadmin/_processed_/4/d/csm_0_fe3a9c_930631_koval_american-single-grain-whiskey-white-rye-usa-05-l_0001_84789776d4.jpg,https://www.whisky.com/whisky-database/details/koval-white-rye.html,Koval,"USA,Illinois",Single Grain Whiskey,,40%,Original bottling
15538,Bunnahabhain   30 Years   - 1968   The Family Silver,,https://www.whisky.com/fileadmin/_processed_/e/7/csm_0_b304d3_Bunnahabhain-1968-TheFamilySilver_826de175f4.jpg,https://www.whisky.com/whisky-database/details/bunnahabhain-the-family-silver.html,Bunnahabhain,"Scotland,Islay",Single Malt Whisky,30 Years,40%,Original bottling
15620,High West       Rendezvous Rye,"A blend of straight rye whiskeys: a 6-year-old from the MGP Distillery (95% rye, 5% malted barley) and 16-year-old from the Barton Distillery (80% rye, 10% corn, 10% malted barley)A blend of straight rye whiskeys: a 6-year-old from the MGP Distillery (95% rye, 5% malted barley) and 16-year-old from the Barton Distillery (80% rye, 10% corn, 10% malted barley)",https://www.whisky.com/fileadmin/_processed_/4/5/csm_0_fd349a_hwrye_e262a97203.jpg,https://www.whisky.com/whisky-database/details/high-west-rendezvous-rye.html,High West,USA,Rye,,46%,Original bottling
15647,High West       Campfire,"Blend of a 5.5-year-old rye whiskey from MGP (95% rye, 5% malted barley), a 6-year-old bourbon from MGP (75% corn, 21% rye, 4% malted barley), and an 8-year-old peated blended malt Scotch (not from Islay).  \nBlend of a 5.5-year-old rye whiskey from MGP (95% rye, 5% malted barley), a 6-year-old bourbon from MGP (75% corn, 21% rye, 4% malted barley), and an 8-year-old peated blended malt Scotch (not from Islay).",https://www.whisky.com/fileadmin/_processed_/0/1/csm_0_2a9fb1_hw_9b95b1454d.jpg,https://www.whisky.com/whisky-database/details/high-west-campfire.html,High West,USA,Blended Whiskey,,46%,Original bottling
15649,Koval       Lion's Pride Dark Oat,,https://www.whisky.com/fileadmin/web_data/tx_datamintsflaschendb/flaschen/x0_be31e8_lions_pride_dark_oat.jpg.pagespeed.ic.KEIfRUi0K9.jpg,https://www.whisky.com/whisky-database/details/koval-lions-pride-dark-oat.html,Koval,"USA,Illinois",other,,40%,Original bottling
15795,High West Son of Bourye,"Blend of a bourbon from MGP (75% corn, 20% rye, 5% malted barley) and a rye whiskey from MGP (95% rye, 5% malted barley), both of which are at least 5 years old.Blend of a bourbon from MGP (75% corn, 20% rye, 5% malted barley) and a rye whiskey from MGP (95% rye, 5% malted barley), both of which are at least 5 years old.",https://www.whisky.com/fileadmin/_processed_/5/f/xcsm_0_a5e1a5_High_20West_20Son_20of_20Bourye_3481040e46.jpg.pagespeed.ic.rad9lIWpBk.jpg,https://www.whisky.com/whisky-database/details/high-west-son-of-bourye.html,Blend-Scotch,Scotland,,,46%,Other bottler
15901,Teeling       Small Batch Rum Finish,,https://www.whisky.com/fileadmin/_processed_/8/f/csm_0_2dd2b8_teeli0016_aw_4d09eb281c.jpg,https://www.whisky.com/whisky-database/details/teeling-small-batch-rum-finish.html,Teeling,Ireland,Single Malt Whisky,,46%,Original bottling
16002,Teeling       Trinity Pack,,https://www.whisky.com/fileadmin/web_data/tx_datamintsflaschendb/flaschen/x0_1d69cb_image_MINISOTEE_1.jpg.pagespeed.ic.a2K_y0weUx.jpg,https://www.whisky.com/whisky-database/details/teeling-trinity-pack.html,Teeling,Ireland,Single Malt Whiskey,,46%,Original bottling
16228,Benromach       3er Set Peat Smoke + 10 Year Old + Organic 60cl 3 x 0.2 lt.,,https://www.whisky.com/fileadmin/_processed_/0/d/csm_0_8272f2_sets_brm1_8325bd333a.jpg,https://www.whisky.com/whisky-database/details/benromach-peat-smoke-3er-set-10-year-old-organic-60cl-3-x-02-lt.html,Benromach,"Scotland,Speyside",Single Malt Whisky,,44%,Original bottling
16896,Michter's       US*1 Single Barrel Straight Rye Sample,,https://www.whisky.com/fileadmin/_processed_/e/c/csm_0_ae4f88_pm_brbon_mic5_f032efe13b.jpg,https://www.whisky.com/whisky-database/details/michters-us1-single-barrel-straight-rye-sample.html,Michter's,"USA,Kentucky",Rye,,42.40%,Original bottling
16898,Michter's       US*1 Unblended American Whiskey Sample,,https://www.whisky.com/fileadmin/_processed_/5/a/csm_0_b5b46d_pm_brbon_mic7_8c84d1ded9.jpg,https://www.whisky.com/whisky-database/details/michters-us1-unblended-american-whiskey-sample.html,Michter's,"USA,Kentucky",other,,41.70%,Original bottling
16907,Eagle Rare   10 Years     Single Barrel Sample,,https://www.whisky.com/fileadmin/_processed_/5/5/csm_0_163b0c_pm_brbon_eag7_96b823e6be.jpg,https://www.whisky.com/whisky-database/details/eagle-rare-single-barrel-sample.html,unknown,,Bourbon,10 Years,45%,Original bottling
17114,Glen Grant   12 Years     Sample,,https://www.whisky.com/fileadmin/_processed_/d/e/csm_0_37b377_pm_ggtob.12yov4_142e61218e.jpg,https://www.whisky.com/whisky-database/details/glen-grant-year-old-sample.html,Glen Grant,"Scotland,Speyside",Single Malt Whisky,12 Years,43%,Original bottling
17506,Russell's Reserve       10 Year Old Sample,,https://www.whisky.com/fileadmin/_processed_/7/b/csm_0_335cba_pm_brbon_wil18_ba7edcec38.jpg,https://www.whisky.com/whisky-database/details/wild-turkey-russells-reserve-10-year-old-sample.html,Wild Turkey,"USA,Kentucky",Bourbon,,45%,Original bottling
17512,Glen Els   5 Years   - 2011   Gently Woodsmoked Amarone Casks SE,,https://www.whisky.com/fileadmin/_processed_/d/a/xcsm_0_02cac6_gels00fa0_aw_c58fbe5b38.jpg.pagespeed.ic.yrF5yB0vtO.jpg,https://www.whisky.com/whisky-database/details/glen-els-gently-woodsmoked-amarone-casks-se.html,Hammerschmiede (Elsburn/Glen Els),Germany,Single Malt Whisky,5 Years,50.80%,Original bottling
17513,Glen Els   5 Years   - 2011   Gently Woodsmoked Rivesaltes Casks SE,,https://www.whisky.com/fileadmin/_processed_/9/e/xcsm_0_c40c94_gels00fr0_aw_b9f124c5d0.jpg.pagespeed.ic.IN6tPmWwdE.jpg,https://www.whisky.com/whisky-database/details/glen-els-gently-woodsmoked-rivesaltes-casks-se.html,Hammerschmiede (Elsburn/Glen Els),Germany,Single Malt Whisky,5 Years,49.90%,Original bottling
17606,Bulleit       95 Rye Sample,,https://www.whisky.com/fileadmin/web_data/tx_datamintsflaschendb/flaschen/x0_4f0843_marshalls-bourbon-whiskey-3cl-sample.jpg.pagespeed.ic.vuwHUuksFk.jpg,https://www.whisky.com/whisky-database/details/bulleit-95-rye.html,Four Roses,"USA,Kentucky",Rye,,45%,Original bottling
17717,Old Ballantruan       10 Year Old Sample,,https://www.whisky.com/fileadmin/web_data/tx_datamintsflaschendb/flaschen/x0_d53d48_marshalls-bourbon-whiskey-3cl-sample.jpg.pagespeed.ic.vuwHUuksFk.jpg,https://www.whisky.com/whisky-database/details/old-ballantruan-10-year-old-sample.html,Tomintoul,"Scotland,Speyside",Single Malt Whisky,,50%,Original bottling
17722,The Dublin Liberties 10 Year Old Copper Alley Sample,,https://www.whisky.com/fileadmin/web_data/tx_datamintsflaschendb/flaschen/x0_a3ef22_marshalls-bourbon-whiskey-3cl-sample.jpg.pagespeed.ic.vuwHUuksFk.jpg,https://www.whisky.com/whisky-database/details/the-dublin-liberties-10-year-old-copper-alley-sample.html,Blend,,,,46%,Original bottling
17754,High West American Prairie Reserve Sample,,https://www.whisky.com/fileadmin/_processed_/5/3/csm_0_e04745_pm_brbon_hig6_59c833ba52.jpg,https://www.whisky.com/whisky-database/details/high-west-american-prairie-reserve-sample.html,unknown,,Bourbon,,46%,Original bottling
17755,High West Campfire Sample,,https://www.whisky.com/fileadmin/_processed_/0/b/csm_0_bf21ff_pm_brbon_hig5_2fb96ebad5.jpg,https://www.whisky.com/whisky-database/details/high-west-campfire-sample.html,Blend,,,,46%,Original bottling
17952,Dunville's       10 Year Old Sample PX,,https://www.whisky.com/fileadmin/_processed_/6/c/csm_0_d54708_pm_irish_ech1_799c1d1707.jpg,https://www.whisky.com/whisky-database/details/dunvilles-10-year-old-sample-px.html,Echlinville,Ireland,Single Malt Whisky,,46%,Original bottling
18191,High West Double Rye,,https://www.whisky.com/fileadmin/web_data/tx_datamintsflaschendb/flaschen/x0_bb3ba2_marshalls-bourbon-whiskey-3cl-sample.jpg.pagespeed.ic.vuwHUuksFk.jpg,https://www.whisky.com/whisky-database/details/high-west-double-rye-1.html,Blend,,,,46%,Original bottling
18463,"Nikka       Coffey Grain ""Woody & Mellow""",,https://www.whisky.com/fileadmin/_processed_/6/4/csm_0_c5cd31_nikka_woody___mellow_edb163687e.jpg,https://www.whisky.com/whisky-database/details/nikka-woody-mellow.html,Miyagikyo (Nikka),Japan,Single Grain Whisky,,55%,Original bottling
18598,Bulleit   10 Years     Bourbon,,https://www.whisky.com/fileadmin/_processed_/c/5/csm_0_2683f2_bulle1000_aw_c8f4e60f33.jpg,https://www.whisky.com/whisky-database/details/bulleit-bourbon.html,Four Roses,"USA,Kentucky",Kentucky Straight Bourbon,10 Years,45.60%,Original bottling
19014,Lagavulin     - 2001   Distillers Edition,"This bottling of Lagavulin is part of the Distillers Edition of Classic Malts of Scotland. The Single Malt finished for a minimum of three months in Pedro Ximenez Sherry cask. The strong, dry and maritime character of Lagavulin is complemented with rich, sweet aromas from a Pedro Ximenez cask.This bottling of Lagavulin is part of the Distillers Edition of Classic Malts of Scotland. The Single Malt finished for a minimum of three months in Pedro Ximenez Sherry cask. The strong, dry and maritime character of Lagavulin is complemented with rich, sweet aromas from a Pedro Ximenez cask.",https://www.whisky.com/fileadmin/_processed_/7/0/csm_0_936244_image_LAGAV0017_1_ab9cd5b5db.jpg,https://www.whisky.com/whisky-database/details/lagavulin-distillers-edition-24.html,Lagavulin,"Scotland,Islay",Single Malt Whisky,,43%,Original bottling
19087,High West Double Rye Barrel Select Quady Port,"Limited Release Barrel Select version of the Double Rye.\nAdditionally matured for 2 years and 6 month in Quady Port Barrels specifically for Ace Spirits.\n\nA blend of straight Rye whiskeys:\n2 year old 95% rye, 5% barley malt from MGP\n16 year old 53% rye, 37% corn, 10% barley malt from Barton Distillery.Limited Release Barrel Select version of the Double Rye.\nAdditionally matured for 2 years and 6 month in Quady Port Barrels specifically for Ace Spirits.\n\nA blend of straight Rye whiskeys:\n2 year old 95% rye, 5% barley malt from MGP\n16 year old 53% rye, 37% corn, 10% barley malt from Barton Distillery.",https://www.whisky.com/fileadmin/_processed_/a/a/csm_0_f404be_high_west_3bac66fd67.jpg,https://www.whisky.com/whisky-database/details/high-west-double-rye-barrel-select-quady-port.html,Blend-USA,USA,,2395,55.40%,Other bottler
19098,Aberfeldy   12 Years     in Metallbox,"The Aberfeldy distillery was founded in 1892 by the Dewar family. Even today the biggest part of the production is used in the Dewar's Blend. Because of its pleasant aroma, the Aberfeldy is also available as original bottling. This bottle comes in a metal box, which is designed like a gold bar.The Aberfeldy distillery was founded in 1892 by the Dewar family. Even today the biggest part of the production is used in the Dewar's Blend. Because of its pleasant aroma, the Aberfeldy is also available as original bottling. This bottle comes in a metal box, which is designed like a gold bar.",https://www.whisky.com/fileadmin/_processed_/1/a/xcsm_0_3df6ec_image_ABERF12GM_1_2310f02de3.jpg.pagespeed.ic.mfIbZQjrmi.jpg,https://www.whisky.com/whisky-database/details/aberfeldy-in-metallbox.html,Aberfeldy,"Scotland,Highlands",Single Malt Whisky,12 Years,40%,Original bottling
19306,Suntory       Hibiki Japanese Harmony,,https://www.whisky.com/fileadmin/_processed_/2/6/xcsm_0_76062d_spirits-suntory-hibiki-whisky-harmony_75d5560ffd.jpg.pagespeed.ic.VYbfVAJLdt.jpg,https://www.whisky.com/whisky-database/details/suntory-hibiki-japanese-harmony-2.html,Yamazaki,Japan,Blended Whisky,,43%,Original bottling
19379,Lagavulin   8 Years,,https://www.whisky.com/fileadmin/_processed_/1/0/csm_0_eb8e57_image_LAGAV0802_1_343a1174a8.jpg,https://www.whisky.com/whisky-database/details/lagavulin-27.html,Lagavulin,"Scotland,Islay",Single Malt Whisky,8 Years,48%,Original bottling
20470,Aberfeldy   12 Years,"The Aberfeldy distillery was founded in 1892 by the Dewar family. So even today most of the production is used for the Blend Dewar's. Due to its pleasant aroma, the Aberfeldy is also available as original bottling.The Aberfeldy distillery was founded in 1892 by the Dewar family. So even today most of the production is used for the Blend Dewar's. Due to its pleasant aroma, the Aberfeldy is also available as original bottling.",https://www.whisky.com/fileadmin/web_data/tx_datamintsflaschendb/flaschen/x0_b22ca4_Aberfeldy_12.jpg.pagespeed.ic.j1JVcaXnjU.jpg,https://www.whisky.com/whisky-database/details/dewars-5.html,Aberfeldy,"Scotland,Highlands",Single Malt Whisky,12 Years,40%,Original bottling
20771,High West Rendezvous Rye Sample,,https://www.whisky.com/fileadmin/_processed_/5/7/csm_0_df6fe4_pm_brbon_hig3_40c144b9dc.jpg,https://www.whisky.com/whisky-database/details/high-west-rendezvous-rye-sample.html,unknown,,Rye,,46%,Original bottling
21628,Glenallachie   10 Years   - 2007,,https://www.whisky.com/fileadmin/_processed_/e/b/csm_0_05783e_glenallachie_10_adelphi_9d8da249f5.jpg,https://www.whisky.com/whisky-database/details/glenallachie-50.html,GlenAllachie,"Scotland,Speyside",Single Malt Whisky,10 Years\n				\n					900828,64.70%,Adelphi
23191,Bushmills       Three Woods 16 Jahre Neu WB :108861 vs. Alt WB:17450,,https://www.whisky.com/fileadmin/_processed_/4/a/xcsm_0_0105f5_IMG_1896_02a1363e7a.jpg.pagespeed.ic.fuN7sQtY80.jpg,https://www.whisky.com/whisky-database/details/bushmills-three-woods-16-jahre.html,Bushmills,Ireland,Single Malt Whiskey,,40%,Original bottling
23394,Lagavulin   9 Years     House Lannister- Game of Thrones,"This Game of Thrones House Lannister is a first-class Single Malt of the Lagavulin distillery, which matured in first-fill Bourbon casks for nine years, in which it developed its splendid golden colour. The fantastic Islay Whisky shows in its aroma and taste the typical sweet notes of vanilla, marshmallow and caramelised banana, combined with a light salt note and a hint of mint. This Game of Thrones House Lannister is a first-class Single Malt of the Lagavulin distillery, which matured in first-fill Bourbon casks for nine years, in which it developed its splendid golden colour. The fantastic Islay Whisky shows in its aroma and taste the typical sweet notes of vanilla, marshmallow and caramelised banana, combined with a light salt note and a hint of mint.",https://www.whisky.com/fileadmin/_processed_/5/2/xcsm_0_313929_19_0016a_LAG_PRE_Lagavulin_edd6abc66e.jpg.pagespeed.ic.EZKsf8hZaZ.jpg,https://www.whisky.com/whisky-database/details/lagavulin-33.html,Lagavulin,"Scotland,Islay",Single Malt Whisky,9 Years,46%,Original bottling
24024,Glenfarclas   15 Years   - 2001   The Family Casks,,https://www.whisky.com/fileadmin/_processed_/1/f/csm_0_cbbb82_2195_efdf7556e7.jpg,https://www.whisky.com/whisky-database/details/glenfarclas-the-family-casks-4.html,Glenfarclas,"Scotland,Speyside",Single Malt Whiskey,15 Years\n				\n					2132,58.90%,Original bottling
24957,Glenallachie   8 Years     Koval Rye Quarter Cask Wood Finish,,https://www.whisky.com/fileadmin/_processed_/3/a/xcsm_GALLAwood08_891b9b5120.png.pagespeed.ic.V0vdKHAf1P.jpg,https://www.whisky.com/whisky-database/details/glenallachie-koval-rye-quarter-cask-wood-finish-8y-48-07l.html,GlenAllachie,"Scotland,Speyside",Single Malt Whisky,8 Years,48%,Original bottling
25026,Teeling     - 2012   Single Pot Still,,https://www.whisky.com/fileadmin/_processed_/4/4/csm_1563880513_image_TEELI0PS0_1_38b6403f45.jpg,https://www.whisky.com/whisky-database/details/teeling-single-pot-still-2019-46-07l.html,Teeling,Ireland,Single Pot Still Whiskey,,46%,Original bottling
25517,Teeling       Small Batch,"Walter Teeling opened his distillery in Dublin in 1782 and became the driving force behind the Irish whiskey industry. By Brennereisterben in Ireland had to close Teeling. Over 40 years later, the family ventured a fresh start. Since 2015, whiskey is being produced in Dublin again. This small batch whiskey comes from the family stocks of the Teelings and symbolizes the new beginning. He was matured in rum barrels, which give him more complexity.Walter Teeling opened his distillery in Dublin in 1782 and became the driving force behind the Irish whiskey industry. By Brennereisterben in Ireland had to close Teeling. Over 40 years later, the family ventured a fresh start. Since 2015, whiskey is being produced in Dublin again. This small batch whiskey comes from the family stocks of the Teelings and symbolizes the new beginning. He was matured in rum barrels, which give him more complexity.",https://www.whisky.com/fileadmin/_processed_/4/4/csm_1570173312_image_TEELI0019_1_d28415eff3.jpg,https://www.whisky.com/whisky-database/details/teeling-small-batch-2019-46-07l-1.html,Teeling,Ireland,Blended Whiskey,,46%,Original bottling
25957,/ High West Double Rye Whiskey,,https://www.whisky.com/fileadmin/_processed_/0/b/csm_IMG_0841_d72112e6f8.jpg,https://www.whisky.com/whisky-database/details/high-west-double-rye-whiskey.html,unknown,,Blended Whiskey,,46%,Original bottling
25980,Rowan´s Creek,,https://www.whisky.com/fileadmin/_processed_/d/1/csm_Rowan__s_Creek_01_32fdacba29.jpg,https://www.whisky.com/whisky-database/details/rowans-creek-1.html,unknown,,Kentucky Straight Bourbon,,50%,Original bottling
25981,Breckenridge Colorado Bourbon Whiskey / Special Release,,https://www.whisky.com/fileadmin/_processed_/2/7/csm_Breckenridge_Colorado_2e82104ad3.jpg,https://www.whisky.com/whisky-database/details/breckenridge-colorado-bourbon-whiskey-special-release.html,unknown,,Bourbon,,43%,Original bottling
27294,Tenjaku,,https://www.whisky.com/fileadmin/_processed_/d/6/csm_IMG_20200314_212837_4713981538.jpg,https://www.whisky.com/whisky-database/details/tenjaku.html,Blend-Japan,Japan,Blended Malt Whisky,,40%,Other bottler
27578,Breckenridge Single Barrel Bourbon - Barrel Number 1,,https://www.whisky.com/fileadmin/web_data/tx_datamintsflaschendb/flaschen/xB23906A6-4802-4815-8FAB-2159EBF12047.png.pagespeed.ic.jetYxoX2eC.png,https://www.whisky.com/whisky-database/details/breckenridge-single-barrel-bourbon-barrel-number-1.html,unknown,,Bourbon,,46%,Original bottling
28204,Uncle Nearest   11 Years   - 2008   Store pick by Westport Whiskey & Wine,,https://www.whisky.com/fileadmin/_processed_/a/f/csm_2020-01-01_12-23-51_IMG_7678_e377de6dd9.jpg,https://www.whisky.com/whisky-database/details/uncle-nearest-store-pick-by-westport-whiskey-wine.html,Uncle Nearest,,Tennessee Whiskey,11 Years,57.10%,Original bottling
28334,Teeling       Small Batch mit 2 Gläsern,,https://www.whisky.com/fileadmin/_processed_/0/6/xcsm_1594620914_image_TEELI00G2_1_750aedb40a.jpg.pagespeed.ic.hgzdGYhKDE.jpg,https://www.whisky.com/whisky-database/details/teeling-small-batch-mit-2-glaesern-2019-46-07l.html,Teeling,Ireland,Blended Whiskey,,46%,Original bottling
28435,"Westport   22 Years   - 1996   99,9% Northern Highland Malt, 0,1% Speyside Malt",,https://www.whisky.com/fileadmin/_processed_/9/e/csm_IMG_3168_bc966023fa.jpg,https://www.whisky.com/whisky-database/details/westport-999-northern-highland-malt-01-speyside-malt.html,Blend-Scotch,Scotland,Blended Malt Whisky,22 Years\n				\n					2453,53.10%,Jack Wiebers
28645,Teeling       Pinot Noir,,https://www.whisky.com/fileadmin/_processed_/c/5/csm_1598627716_image_TEELI0PN0_1_fb76c98934.jpg,https://www.whisky.com/whisky-database/details/teeling-pinot-noir-46-07l.html,Teeling,Ireland,Blended Whiskey,,46%,Original bottling
28912,Nikka       Coffey Grain mit Glas,,https://www.whisky.com/fileadmin/_processed_/f/d/csm_1600960514_image_NIKKACOGG_1_bcb0e2d088.jpg,https://www.whisky.com/whisky-database/details/nikka-coffey-grain-mit-glas-45-07l.html,Miyagikyo (Nikka),Japan,Grain Whisky,,45%,Original bottling
29123,Lagavulin   16 Years,,https://www.whisky.com/fileadmin/_processed_/f/2/csm_1602832514_image_MINILAG16_1_ceb24238a4.jpg,https://www.whisky.com/whisky-database/details/miniatur-lagavulin-16y-43-004l.html,Lagavulin,"Scotland,Islay",Single Malt Whisky,16 Years,43%,Whisky.de GmbH & Co. KG
29158,Suntory Whisky       Toki mit Highball Glas,,https://www.whisky.com/fileadmin/_processed_/d/6/csm_1603095314_image_SUNTO0TOG_1_398279289c.jpg,https://www.whisky.com/whisky-database/details/suntory-toki-mit-highball-glas-43-07l.html,Blend,,Blended Whisky,,43%,Original bottling
29228,Bulleit   12 Years     Rye,"The 12 year old Bulleit Rye has a high rye proportion of 95%, to which 6% barley malt was added. With the long maturing in oak casks, the characteristic spicy rye notes got smoother and were complemented with oak aromas. The 12 year old Bulleit Rye has a high rye proportion of 95%, to which 6% barley malt was added. With the long maturing in oak casks, the characteristic spicy rye notes got smoother and were complemented with oak aromas.",https://www.whisky.com/fileadmin/_processed_/8/2/csm_1603473316_image_BULLE12RY_1_1622b64d52.jpg,https://www.whisky.com/whisky-database/details/bulleit-rye-12y-46-07l.html,Four Roses,"USA,Kentucky",Rye,12 Years,46%,Original bottling
29339,Bulleit   10 Years     Bourbon in Holzkiste,,https://www.whisky.com/fileadmin/_processed_/8/b/csm_1604596519_image_BULLE1002_1_847d6f9724.jpg,https://www.whisky.com/whisky-database/details/bulleit-bourbon-in-holzkiste-10y-456-07l.html,Four Roses,"USA,Kentucky",Kentucky Straight Bourbon,10 Years,45.60%,Original bottling
29547,Michter‘s       Barrel Strength Rye,,https://www.whisky.com/fileadmin/_processed_/0/a/csm_1605885318_image_MICHT00SR_1_57db493c90.jpg,https://www.whisky.com/whisky-database/details/michters-barrel-strength-rye-541-07l.html,Michter's,"USA,Kentucky",Kentucky Straight Rye,,54.70%,Original bottling
29679,Bulleit       Barrel Strength,,https://www.whisky.com/fileadmin/_processed_/a/e/csm_1606756519_image_BULLE00BS_1_2d92772d8c.jpg,https://www.whisky.com/whisky-database/details/bulleit-barrel-strength.html,Four Roses,"USA,Kentucky",Kentucky Straight Bourbon,,62.70%,Original bottling
29719,Teeling       Pinot Noir,,https://www.whisky.com/fileadmin/_processed_/8/0/csm_1606997717_image_MINITEEPN_1_77ae13af55.jpg,https://www.whisky.com/whisky-database/details/miniatur-teeling-pinot-noir.html,Teeling,Ireland,Blended Whiskey,,46%,Other bottler
29907,Glenfarclas   17 Years   - 2003   The Family Casks,,https://www.whisky.com/fileadmin/_processed_/b/9/csm_Glenfarclas_FC_S20_2003_0ac29c8808.jpg,https://www.whisky.com/whisky-database/details/glenfarclas-the-family-casks-5.html,Glenfarclas,"Scotland,Speyside",Single Malt Whisky,17 Years\n				\n					102,58.30%,Original bottling
30396,Teeling       Blackpitts,"Teeling Blackpitts is named after the district of Dublin where the city's malt houses were once located. In contrast to other Teeling Whiskeys, the Single Malt is made from malt dried over peat smoke. The typical Irish triple distillation reduces its medicinal notes and emphasizes its smoky character. The smoky Teeling is matured in Bourbon and Sauternes Wine casks.Teeling Blackpitts is named after the district of Dublin where the city's malt houses were once located. In contrast to other Teeling Whiskeys, the Single Malt is made from malt dried over peat smoke. The typical Irish triple distillation reduces its medicinal notes and emphasizes its smoky character. The smoky Teeling is matured in Bourbon and Sauternes Wine casks.",https://www.whisky.com/fileadmin/_processed_/8/9/xcsm_1611353719_image_TEELI0BL0_1_e58cb4dff4.jpg.pagespeed.ic.gIhlu96yof.jpg,https://www.whisky.com/whisky-database/details/teeling-blackpitts.html,Teeling,Ireland,Single Malt Whiskey,,46%,Original bottling
30768,Dewar's   12 Years,,https://www.whisky.com/fileadmin/_processed_/f/3/csm_1615054519_image_DEWAR1270_1_d738643d93.jpg,https://www.whisky.com/whisky-database/details/dewars-6.html,,,Blended Whisky,12 Years,40%,Original bottling
30885,Lagavulin     - 2003   Distillers Edition,,https://www.whisky.com/fileadmin/_processed_/7/f/csm_1616404518_image_LAGAV0019GP_1_de843702a6.jpg,https://www.whisky.com/whisky-database/details/lagavulin-distillers-edition-28.html,Lagavulin,"Scotland,Islay",Single Malt Whisky,,43%,Original bottling
31379,High West       Campfire,"The American High West distillery is located in the 'High West' of the USA the Wasatch-Uinta Mountains in Utah. The idea for this smoky Whisky Campfire master distiller came to Brendan Coyle during his visit at the Islay distillery Bruichladdich, where he discovered how well smoke and sweetness can go together. Afterwards, he created this smoky Blend with Scotch, Bourbon and Rye Whiskey, which matured in fresh white oak casks and ex-Bourbon casks.The American High West distillery is located in the 'High West' of the USA the Wasatch-Uinta Mountains in Utah. The idea for this smoky Whisky Campfire master distiller came to Brendan Coyle during his visit at the Islay distillery Bruichladdich, where he discovered how well smoke and sweetness can go together. Afterwards, he created this smoky Blend with Scotch, Bourbon and Rye Whiskey, which matured in fresh white oak casks and ex-Bourbon casks.",https://www.whisky.com/fileadmin/_processed_/2/b/csm_1620321318_image_HIGHWCAMP_1_905c5fe887.jpg,https://www.whisky.com/whisky-database/details/high-west-campfire-1.html,High West,USA,Whiskey,,46%,Original bottling
31380,High West       Prairie Bourbon,"The American High West distillery is located in the 'High West' of the USA, the Wasatch-Uinta Mountains, in Utah. The Prairie Bourbon is named after one of the biggest natural reserves in the USA, the American Prairie Reserve. Endangered pronghorn antelopes are living in this reserve, which are the fastest inhabitant of the USA. With the Prairie Bourbon, the High West distillery supports the American Prairie Reserve organisation, which stands up for the preservation of the antelopes.The American High West distillery is located in the 'High West' of the USA, the Wasatch-Uinta Mountains, in Utah. The Prairie Bourbon is named after one of the biggest natural reserves in the USA, the American Prairie Reserve. Endangered pronghorn antelopes are living in this reserve, which are the fastest inhabitant of the USA. With the Prairie Bourbon, the High West distillery supports the American Prairie Reserve organisation, which stands up for the preservation of the antelopes.",https://www.whisky.com/fileadmin/_processed_/6/d/csm_1620321319_image_HIGHWPRBO_1_a139db9628.jpg,https://www.whisky.com/whisky-database/details/high-west-prairie-bourbon.html,High West,USA,Bourbon,,46%,Original bottling
31386,High West       Double Rye,"The American High West distillery is located in the 'High West' of the USA, the Wasatch-Uinta Mountains in Utah. Two Straight Rye Whiskey recipes were married together for this Double Rye: A Rye from the own distillery with 80% rye and 20% malted rye, as well as Rye from the MGP distillery with 95% rye and 5% malted barley.The American High West distillery is located in the 'High West' of the USA, the Wasatch-Uinta Mountains in Utah. Two Straight Rye Whiskey recipes were married together for this Double Rye: A Rye from the own distillery with 80% rye and 20% malted rye, as well as Rye from the MGP distillery with 95% rye and 5% malted barley.",https://www.whisky.com/fileadmin/_processed_/b/0/csm_1620324919_image_HIGHWDORY_1_de1fafc7be.jpg,https://www.whisky.com/whisky-database/details/high-west-double-rye-2.html,High West,USA,Rye,,46%,Original bottling
31537,Nikka       Coffey Gin,,https://www.whisky.com/fileadmin/_processed_/9/6/csm_0_6a641e_image_XGNIKKACO_1_8c11e1587e.jpg,https://www.whisky.com/whisky-database/details/nikka-coffey-gin.html,Miyagikyo (Nikka),Japan,Gin,,47%,Original bottling
31544,Suntory       Roku Japanese Craft Gin with Carry Bag,"The Craft Gin Roku is named after the number six, which stands for the included Japanese botanicals. Two of them - typical Japanese - are teas (Sencha and Gyokuro). The other four are aromatic Sansho pepper, sakura blossom and leaves and the peel of the citrus-like Yuzu fruit.The Craft Gin Roku is named after the number six, which stands for the included Japanese botanicals. Two of them - typical Japanese - are teas (Sencha and Gyokuro). The other four are aromatic Sansho pepper, sakura blossom and leaves and the peel of the citrus-like Yuzu fruit.",https://www.whisky.com/fileadmin/_processed_/7/f/xcsm_0_56acb0_image_XGSUNTORB_1_239f12200b.jpg.pagespeed.ic.BJgKI4QEt7.jpg,https://www.whisky.com/whisky-database/details/suntory-roku-japanese-craft-gin-mit-carry-bag.html,Yamazaki,Japan,Gin,,43%,Original bottling
31545,Suntory       Roku Japanese Craft Gin,"The Japanese craft Gin Roku is named after the number of botanicals it contains: Roku is Japanese for the number six. Two of the botanicals are - typically Japanese - teas (sencha and gyokuro), plus spicy sancho pepper, sakura flowers and leaves and the peel of the citrus-like fruit yuzu. The Japanese craft Gin Roku is named after the number of botanicals it contains: Roku is Japanese for the number six. Two of the botanicals are - typically Japanese - teas (sencha and gyokuro), plus spicy sancho pepper, sakura flowers and leaves and the peel of the citrus-like fruit yuzu.",https://www.whisky.com/fileadmin/_processed_/b/3/csm_0_95a153_image_XGSUNTORO_1_93418376b3.jpg,https://www.whisky.com/whisky-database/details/suntory-roku-japanese-craft-gin.html,Yamazaki,Japan,Gin,,43%,Original bottling
31622,Koval       Single Barrel Rye,The Koval Single Barrels were exclusively bottled for the German market. This Rye only contained ecologically cultivated rye. The bottlings carry the quality feature of 'Bottled in Bond' and are therefore bottled with a strong 50%. Koval is Yiddish and means 'black sheep'.The Koval Single Barrels were exclusively bottled for the German market. This Rye only contained ecologically cultivated rye. The bottlings carry the quality feature of 'Bottled in Bond' and are therefore bottled with a strong 50%. Koval is Yiddish and means 'black sheep'.,https://www.whisky.com/fileadmin/_processed_/6/7/csm_1622542518_image_KOVALRYLE_1_5804b1682c.jpg,https://www.whisky.com/whisky-database/details/koval-single-barrel-rye.html,Koval,"USA,Illinois",Rye,,50%,Original bottling
31624,Koval       Single Barrel Bourbon,The Koval Single Barrels were exclusively bottled for the German market. This Bourbon contains a mash bill of 51% corn and 49% millet from ecologically cultivation. The bottlings carry the quality feature of 'Bottled in Bond' and are therefore bottled with a strong 50%. Koval is Yiddish and means 'black sheep'.The Koval Single Barrels were exclusively bottled for the German market. This Bourbon contains a mash bill of 51% corn and 49% millet from ecologically cultivation. The bottlings carry the quality feature of 'Bottled in Bond' and are therefore bottled with a strong 50%. Koval is Yiddish and means 'black sheep'.,https://www.whisky.com/fileadmin/_processed_/1/5/csm_1622542519_image_KOVALBOLE_1_eb7c7b92b4.jpg,https://www.whisky.com/whisky-database/details/koval-single-barrel-bourbon.html,Koval,"USA,Illinois",Bourbon,,50%,Original bottling
32082,Lagavulin     - 2005   Distillers Edition,,https://www.whisky.com/fileadmin/_processed_/a/b/csm_1626891321_image_MINILAGDE_1_95a349571a.jpg,https://www.whisky.com/whisky-database/details/miniatur-lagavulin-distillers-edition.html,Lagavulin,"Scotland,Islay",Single Malt Whisky,,43%,Whisky.de GmbH & Co. KG
32203,Langatun   10 Years   - 2010   Second Release,,https://www.whisky.com/fileadmin/_processed_/d/4/csm_IMG_3650_b709ab24a7.jpg,https://www.whisky.com/whisky-database/details/langatun-second-release.html,Langatun,Switzerland,Single Malt Whisky,10 Years\n				\n					132 Pinot Noir,49.10%,Original bottling
32533,Dewars   18 Years,,https://www.whisky.com/fileadmin/_processed_/c/a/csm_1631859319_image_DEWAR1800_1_6712cd8439.jpg,https://www.whisky.com/whisky-database/details/dewars-7.html,,,Blended Whisky,18 Years,40%,Original bottling
32816,Teeling       Riesling Cask - Grand Cru Edition,,https://www.whisky.com/fileadmin/_processed_/3/3/csm_1634656522_image_TEELI0RI0_B_1_c81797351a.jpg,https://www.whisky.com/whisky-database/details/teeling-riesling-cask-grand-cru-edition-b-ware.html,Teeling,Ireland,Blended Whiskey,,46%,Original bottling
32828,Suntory       Hibiki Harmony - Limited Design Edition,,https://www.whisky.com/fileadmin/_processed_/0/c/xcsm_1634807719_image_SUNTOHILE_1_cbf055c156.jpg.pagespeed.ic.iNrdJS773O.jpg,https://www.whisky.com/whisky-database/details/suntory-hibiki-harmony-limited-design-edition.html,Blend,,Blended Whisky,,43%,Original bottling
32857,Teeling       Single Malt inkl. gratis Untersetzer mit irischen Whiskey-Marken,,https://www.whisky.com/fileadmin/_processed_/6/7/xcsm_1635257719_image_TEELI0SM0_21_1_6aa818d069.jpg.pagespeed.ic.i4kuW6RvPV.jpg,https://www.whisky.com/whisky-database/details/teeling-single-malt-inkl-gratis-untersetzer-mit-irischen-whiskey-marken.html,Teeling,Ireland,Single Malt Whiskey,,46%,Original bottling
32919,Bushmills   16 Years     Three Woods - new Design,"The name of the Bushmills Three Woods comes from the mix of Bourbon, Sherry and Port Wine cask used for this Whiskey. The 16 years old is very rare.The name of the Bushmills Three Woods comes from the mix of Bourbon, Sherry and Port Wine cask used for this Whiskey. The 16 years old is very rare.",https://www.whisky.com/fileadmin/_processed_/4/a/csm_1636020919_image_BUSHM1600_D2_1_ca149d2ef9.jpg,https://www.whisky.com/whisky-database/details/bushmills-three-woods-neues-design.html,Bushmills,Ireland,Single Malt Whiskey,16 Years,40%,Original bottling
32921,Lagavulin     - 2006   Distillers Edition,"This bottling of Lagavulin is part of the Distillers Edition of the Classic Malts of Scotland. The Single Malt finished for at least three months in Pedro Ximenez Sherry casks. The strong, dry and maritime character of the Lagavulin is complemented by the rich, sweet aromas of the Pedro Ximenez cask.This bottling of Lagavulin is part of the Distillers Edition of the Classic Malts of Scotland. The Single Malt finished for at least three months in Pedro Ximenez Sherry casks. The strong, dry and maritime character of the Lagavulin is complemented by the rich, sweet aromas of the Pedro Ximenez cask.",https://www.whisky.com/fileadmin/_processed_/b/b/csm_1636035320_image_LAGAV0021_1_cec93fccad.jpg,https://www.whisky.com/whisky-database/details/lagavulin-distillers-edition-29.html,Lagavulin,"Scotland,Islay",Single Malt Whisky,,43%,Original bottling
32924,Bulleit   10 Years     Bourbon with Lunchbox,"The Bulleit Bourbon was only available in the USA in its first years. In the meantime, it is distributed in more countries. To get an even more intense taste, Tom Bulleit created this 10 year old bottling. The bottle comes in a metal lunchbox.The Bulleit Bourbon was only available in the USA in its first years. In the meantime, it is distributed in more countries. To get an even more intense taste, Tom Bulleit created this 10 year old bottling. The bottle comes in a metal lunchbox.",https://www.whisky.com/fileadmin/_processed_/2/c/csm_1636100119_image_BULLE1003_1_b55af9d5cc.jpg,https://www.whisky.com/whisky-database/details/bulleit-bourbon-mit-lunchbox.html,Four Roses,"USA,Kentucky",Kentucky Straight Bourbon,10 Years,45.60%,Original bottling
33060,Glenfarclas     - 2002   The Family Casks (Release S20),,https://www.whisky.com/typo3temp/assets/_processed_/b/0/xcsm_noImageDummy-wide_5fd0bea557.png.pagespeed.ic.FfbeCZH6wV.png,https://www.whisky.com/whisky-database/details/glenfarclas-the-family-casks-release-s20.html,Glenfarclas,"Scotland,Speyside",Single Malt Whisky,900285,57.80%,Original bottling
33110,Bulleit       Barrel Strength / Batch 03 / Frontier Whiskey,,https://www.whisky.com/typo3temp/assets/_processed_/b/0/xcsm_noImageDummy-wide_5fd0bea557.png.pagespeed.ic.FfbeCZH6wV.png,https://www.whisky.com/whisky-database/details/bulleit-barrel-strength-batch-03-frontier-whiskey.html,Four Roses,"USA,Kentucky",Bourbon,,61.70%,Original bottling
33114,High West       American Prairie Barrel Select,,https://www.whisky.com/typo3temp/assets/_processed_/b/0/xcsm_noImageDummy-wide_5fd0bea557.png.pagespeed.ic.FfbeCZH6wV.png,https://www.whisky.com/whisky-database/details/high-west-american-prairie-barrel-select.html,High West,USA,Bourbon,,49.10%,Original bottling
33245,3 Years     Breckenridge Batch No. 2 - PX Cask Finish,,https://www.whisky.com/typo3temp/assets/_processed_/b/0/xcsm_noImageDummy-wide_5fd0bea557.png.pagespeed.ic.FfbeCZH6wV.png,https://www.whisky.com/whisky-database/details/breckenridge-batch-no-2-px-cask-finish.html,unknown,,Bourbon,3 Years\n				\n					Batch No. 2,45%,Original bottling
33409,Lagavulin   8 Years     mit 2 Gläsern,,https://www.whisky.com/fileadmin/_processed_/1/3/csm_1638526521_image_LAGAV08G2_1_003ac0f09a.jpg,https://www.whisky.com/whisky-database/details/lagavulin-mit-2-glaesern-1.html,Lagavulin,"Scotland,Islay",Single Malt Whisky,8 Years,48%,Original bottling
33711,19 Years   - 2001   Family Silver,,https://www.whisky.com/fileadmin/_processed_/5/7/xcsm_Family-Silver-2001_4ccb960d65.jpg.pagespeed.ic.8jpjputtwX.jpg,https://www.whisky.com/whisky-database/details/family-silver-4.html,Blend,,Blended Malt Whisky,19 Years\n				\n					4630,44%,Vintage Malt Whisky Company
33924,"Connemara   12 Years     The Connemara Family Peated, 12 years peated, Cask strengh peated",,https://www.whisky.com/typo3temp/assets/_processed_/b/0/xcsm_noImageDummy-wide_5fd0bea557.png.pagespeed.ic.FfbeCZH6wV.png,https://www.whisky.com/whisky-database/details/connemara-the-connemara-family-peated-12-years-peated-cask-strengh-peated.html,Cooley,Ireland,Blended Whiskey,12 Years,40%,Original bottling
33999,Dewar's       8 Jahre Caribbean Smooth,,https://www.whisky.com/fileadmin/_processed_/7/e/xcsm_rammstein-10-jahre-whisky-07l_02_d149e167ee.jpg.pagespeed.ic.FoDeBG22of.jpg,https://www.whisky.com/whisky-database/details/dewars-8-jahre-caribbean-smooth.html,Blend-Scotch,Scotland,Blended Whisky,,40%,Original bottling
34091,Koval       Single Barrel Rye,,https://www.whisky.com/fileadmin/_processed_/d/2/csm_1645546521_image_KOVALRYMS_1_f83290ede1.jpg,https://www.whisky.com/whisky-database/details/koval-single-barrel-rye-1.html,Koval,"USA,Illinois",Rye,,50%,Original bottling
34167,Uncle Nearest 1856       Premium Whiskey,,https://www.whisky.com/fileadmin/_processed_/4/4/csm_1646327721_image_UNCLENEAR_1_1c31af19d1.jpg,https://www.whisky.com/whisky-database/details/uncle-nearest-1856-premium-whiskey.html,unknown,,Whiskey,,50%,Original bottling
34293,"Koval       ""Chicagos Finest"" Small Batch Bourbon Whiskey",,https://www.whisky.com/typo3temp/assets/_processed_/b/0/xcsm_noImageDummy-wide_5fd0bea557.png.pagespeed.ic.FfbeCZH6wV.png,https://www.whisky.com/whisky-database/details/koval-chicagos-finest-small-batch-bourbon-whiskey.html,Koval,"USA,Illinois",Bourbon,,41%,Other bottler
35018,Suntory   12 Years     Yamazaki,,https://www.whisky.com/fileadmin/_processed_/d/4/csm_1656792923_image_MINISUY12_1_8741d82c2c.jpg,https://www.whisky.com/whisky-database/details/miniatur-suntory-yamazaki.html,Yamazaki,Japan,Single Malt Whisky,12 Years,43%,Whisky.de GmbH & Co. KG
35607,Suntory       Roku Japanese Craft Gin,,https://www.whisky.com/fileadmin/_processed_/7/b/csm_1663600525_image_MINIXGSUNRO_1_2318d65cab.jpg,https://www.whisky.com/whisky-database/details/miniatur-suntory-roku-japanese-craft-gin.html,Yamazaki,Japan,Gin,,43%,Whisky.de GmbH & Co. KG
36331,Bulleit       95 Rye,,https://www.whisky.com/fileadmin/_processed_/f/8/csm_1668618923_image_MINIBULRYE_1_65327835e7.jpg,https://www.whisky.com/whisky-database/details/miniatur-bulleit-95-rye.html,Four Roses,"USA,Kentucky",Straight Rye,,45%,Whisky.de GmbH & Co. KG
36335,Bulleit   12 Years     Rye,,https://www.whisky.com/fileadmin/_processed_/c/a/csm_1668618925_image_MINIBUL12R_1_20e3896589.jpg,https://www.whisky.com/whisky-database/details/miniatur-bulleit-rye.html,Four Roses,"USA,Kentucky",Rye,12 Years,46%,Whisky.de GmbH & Co. KG
36338,Bulleit   10 Years     Bourbon,,https://www.whisky.com/fileadmin/_processed_/3/a/csm_1668622521_image_MINIBULLE10_1_af01ae2160.jpg,https://www.whisky.com/whisky-database/details/miniatur-bulleit-bourbon.html,Four Roses,"USA,Kentucky",Kentucky Straight Bourbon,10 Years,45.60%,Whisky.de GmbH & Co. KG
36350,Breckenridge       105 High Proof Bourbon,,https://www.whisky.com/fileadmin/_processed_/a/a/csm_1668701722_image_BRECK0HP0_1_5842b87059.jpg,https://www.whisky.com/whisky-database/details/breckenridge-105-high-proof-bourbon.html,,,Bourbon,,52.50%,Original bottling
36545,Lagavulin       Distillers Edition,,https://www.whisky.com/fileadmin/_processed_/7/7/csm_1670008521_image_LAGAV0022_1_b4d9ae7e82.jpg,https://www.whisky.com/whisky-database/details/lagavulin-distillers-edition-31.html,Lagavulin,"Scotland,Islay",Single Malt Whisky,,43%,Original bottling
36847,Benriach   8 Years   - 2013   Koval Bourbon Cask Finish,,https://www.whisky.com/fileadmin/_processed_/7/0/csm_1672928127_image_BRIAC13MD_1_a6113be292.jpg,https://www.whisky.com/whisky-database/details/benriach-koval-bourbon-cask-finish.html,Benriach,"Scotland,Speyside",Single Malt Whisky,8 Years,46%,Murray McDavid
36875,North British   14 Years   - 2007   Koval Oat Cask Finish,,https://www.whisky.com/fileadmin/_processed_/2/c/csm_1673255727_image_NORBR07M2_1_53a29fc9ef.jpg,https://www.whisky.com/whisky-database/details/north-british-koval-oat-cask-finish.html,North British,"Scotland,Lowlands",Single Grain Whisky,14 Years,46%,Murray McDavid
36888,Suntory       Suntory Whisky Toki,,https://www.whisky.com/fileadmin/_processed_/0/4/csm_1673273728_image_MINISUNTOK_1_9a025f9791.jpg,https://www.whisky.com/whisky-database/details/miniatur-suntory-whisky-toki.html,Blend-Japan,Japan,Blended Whisky,,43%,Whisky.de GmbH & Co. KG
37194,Michter‘s       Bomberger's Declaration,,https://www.whisky.com/fileadmin/_processed_/2/2/csm_1676391328_image_MICHT0BOM_1_9d19bfebe1.jpg,https://www.whisky.com/whisky-database/details/michters-bombergers-declaration.html,Michter's,"USA,Kentucky",Kentucky Straight Bourbon,,54%,Original bottling
37195,Michter‘s       Shenk's Homestead Sour Mash,,https://www.whisky.com/fileadmin/_processed_/0/9/csm_1676391328_image_MICHT0SHE_1_b3e6547487.jpg,https://www.whisky.com/whisky-database/details/michters-shenks-homestead-sour-mash.html,Michter's,"USA,Kentucky",Whiskey,,45.60%,Original bottling
37204,Michter‘s       Toasted Barrel Finish,,https://www.whisky.com/fileadmin/_processed_/9/5/csm_1676470528_image_MICHT0TB1_1_ea6f3ea099.jpg,https://www.whisky.com/whisky-database/details/michters-toasted-barrel-finish-1.html,Michter's,"USA,Kentucky",Kentucky Straight Bourbon,,43%,Original bottling
37374,Aberfeldy   12 Years,,https://www.whisky.com/fileadmin/_processed_/4/7/csm_1677766555_image_MINIABERF12_1_7c880cdb59.jpg,https://www.whisky.com/whisky-database/details/miniatur-aberfeldy-1.html,Aberfeldy,"Scotland,Highlands",Single Malt Whisky,12 Years,40%,Whisky.de GmbH & Co. KG
37432,Michter‘s       Bomberger's Declaration,,https://www.whisky.com/fileadmin/_processed_/a/1/csm_1678184157_image_MINIMICHB_1_e5f32c8a7e.jpg,https://www.whisky.com/whisky-database/details/miniatur-michters-bombergers-declaration.html,Michter's,"USA,Kentucky",Kentucky Straight Bourbon,,54%,Whisky.de GmbH & Co. KG
38000,Teeling       Single Malt,,https://www.whisky.com/fileadmin/_processed_/e/4/csm_1682673357_image_MINITEELSM_1_2ae90efb79.jpg,https://www.whisky.com/whisky-database/details/miniatur-teeling-single-malt.html,Teeling,Ireland,Single Malt Whiskey,,46%,Whisky.de GmbH & Co. KG
38004,Teeling       Small Batch,,https://www.whisky.com/fileadmin/_processed_/b/b/csm_1682673359_image_MINITEESBR_1_eba0d8e2a6.jpg,https://www.whisky.com/whisky-database/details/miniatur-teeling-small-batch.html,Teeling,Ireland,Blended Whiskey,,46%,Whisky.de GmbH & Co. KG
38230,Bushmills   16 Years     Three Woods,,https://www.whisky.com/fileadmin/_processed_/8/7/csm_1684761360_image_MINIBUSH16_1_85186c3dff.jpg,https://www.whisky.com/whisky-database/details/miniatur-bushmills-three-woods.html,Bushmills,Ireland,Single Malt Whiskey,16 Years,40%,Whisky.de GmbH & Co. KG
38598,Breckenridge       PX Sherry Cask Finish Bourbon,,https://www.whisky.com/fileadmin/_processed_/d/0/csm_1688922961_image_BRECK0PX0_1_c8a17aa85a.jpg,https://www.whisky.com/whisky-database/details/breckenridge-px-sherry-cask-finish-bourbon.html,,,Bourbon,,45%,Original bottling
38599,Breckenridge       Rum Cask Finish Bourbon,,https://www.whisky.com/fileadmin/_processed_/d/1/csm_1688922962_image_BRECK0RU0_1_8c628092e0.jpg,https://www.whisky.com/whisky-database/details/breckenridge-rum-cask-finish-bourbon.html,,,Bourbon,,45%,Original bottling
38601,Breckenridge       Port Cask Finish Bourbon,,https://www.whisky.com/fileadmin/_processed_/7/7/csm_1688922963_image_BRECK0PO0_1_ead5b9abe5.jpg,https://www.whisky.com/whisky-database/details/breckenridge-port-cask-finish-bourbon.html,,,Bourbon,,45%,Original bottling
39099,Suntory       Toki 100th Anniversary Giftpack,,https://www.whisky.com/fileadmin/_processed_/1/9/csm_1695672963_image_SUNTO0TOA_1_376f566310.jpg,https://www.whisky.com/whisky-database/details/suntory-whisky-toki-100th-anniversary-giftpack.html,Blend-Japan,Japan,Blended Whisky,,43%,Original bottling
39703,Teeling       Blackpitts,,https://www.whisky.com/fileadmin/_processed_/5/7/csm_Whisky-Mini-Platzhalter_NEU_98871868df.jpg,https://www.whisky.com/whisky-database/details/teeling-teeling-blackpitts.html,Teeling,Ireland,Single Malt Whiskey,,46%,Whisky.de GmbH & Co. KG
39928,Glenfiddich   21 Years     Reserva Rum Cask Finish - Chinese New Year,,https://www.whisky.com/fileadmin/_processed_/5/6/xcsm_1705338963_image_GFIDD21C2_1_22632feed4.jpg.pagespeed.ic.IzV9Tzs_bU.jpg,https://www.whisky.com/whisky-database/details/glenfiddich-reserva-rum-cask-finish-chinese-new-year.html,Glenfiddich,"Scotland,Speyside",Single Malt Whisky,21 Years,40%,Original bottling
39993,Michter's       Barrel Strength Rye,,https://www.whisky.com/fileadmin/_processed_/b/4/xcsm_338145-big_ed19df3dfb.jpg.pagespeed.ic.bneetQ1_Di.jpg,https://www.whisky.com/whisky-database/details/michters-barrel-strength-rye-1.html,Michter's,"USA,Kentucky",Kentucky Straight Rye,,55.30%,Original bottling
40455,Arran   11 Years     Signature Series Edition 2 - Barrel Bonfire,,https://www.whisky.com/fileadmin/_processed_/0/3/csm_1712067373_image_ARRAN0BB0_1_1d01f39f09.jpg,https://www.whisky.com/whisky-database/details/arran-signature-series-edition-2-barrel-bonfire.html,Arran-Lochranza,"Scotland,Islands",Single Malt Whisky,11 Years,50%,Original bottling
40780,Nikka       The Grain Whisky,,https://www.whisky.com/fileadmin/_processed_/f/4/csm_1717143367_image_NIKKABLGR_1_6fe177b4ab.jpg,https://www.whisky.com/whisky-database/details/nikka-the-grain-whisky.html,Miyagikyo (Nikka),Japan,,,48%,Original bottling
41015,Shizuoka       United S First Edition Japanese Barley,,https://www.whisky.com/fileadmin/_processed_/f/1/csm_1720602968_image_SHIZU0US0_1_f6f6ff5ae9.jpg,https://www.whisky.com/whisky-database/details/shizuoka-united-s-first-edition-japanese-barley.html,,,Single Malt Whisky,,50.50%,Original bottling
41018,Black Bull       Kyloe Rum Finish,,https://www.whisky.com/fileadmin/_processed_/c/4/csm_1720624571_image_BLACBU0KR_1_7bb0f97f71.jpg,https://www.whisky.com/whisky-database/details/black-bull-kyloe-rum-finish.html,Blend-Scotch,Scotland,Blended Whisky,,50%,Original bottling
41021,Wild Turkey   10 Years     Master’s Keep Voyage,,https://www.whisky.com/fileadmin/_processed_/3/c/csm_1720628170_image_WILDT0MKV_1_965b1cf155.jpg,https://www.whisky.com/whisky-database/details/wild-turkey-masters-keep-voyage.html,Wild Turkey,"USA,Kentucky",Kentucky Straight Bourbon,10 Years,53%,Original bottling
41022,"""Affentanz"" Dalay Whisky Edition 2022 - 9",Peated Single Malt WhiskyPeated Single Malt Whisky,https://www.whisky.com/fileadmin/_processed_/d/d/xcsm_IMG_20240710_203904_01_7f61e4e8bb.jpg.pagespeed.ic.ivLDux-kYG.jpg,https://www.whisky.com/whisky-database/details/affentanz-dalay-whisky-edition-2022-9.html,unknown,,Single Malt Whisky,,45.60%,Other bottler
41038,M&H     - 2019   Art & Craft Dessert Wine Casks #3 - Tokaji Wine Casks,"Single malt whisky matured in Tokaji cask, an original white dessert wine from Hungary, which is characterized by tropical aromas and flavors.Single malt whisky matured in Tokaji cask, an original white dessert wine from Hungary, which is characterized by tropical aromas and flavors.",https://www.whisky.com/fileadmin/_processed_/6/5/csm_IMG_7710_01_63c67c7759.jpg,https://www.whisky.com/whisky-database/details/mh-art-craft-dessert-wine-casks-3-tokaji-wine-casks.html,M&H,Israel,Single Malt Whisky,,52%,Original bottling